sample_id,predicted_subtype,top1_proba,top2_proba,margin,model_name,model_hash,run_id,proba_threshold,margin_threshold,prob_Basal,prob_Her2,prob_LumA,prob_LumB
TCGA-D8-A1JA-01,Her2,0.9970892750984393,0.002598134692792085,0.9944911404056471,ElasticNet,f9af9b57,20260223_205024,0.95,0.2,6.183360694225729e-05,0.9970892750984393,0.002598134692792085,0.00025075660182661034
TCGA-BH-A0BQ-01,LumA,0.9663699476355222,0.017937046876233254,0.948432900759289,ElasticNet,f9af9b57,20260223_205024,0.95,0.2,0.007131429034940328,0.008561576453304366,0.9663699476355222,0.017937046876233254
TCGA-A8-A06X-01,LumB,0.9962996440060835,0.0028663289827535374,0.99343331502333,ElasticNet,f9af9b57,20260223_205024,0.95,0.2,0.0007099014459488207,0.0028663289827535374,0.00012412556521414772,0.9962996440060835
TCGA-GM-A3XG-01,LumA,0.9989912082437683,0.0008624545353531256,0.9981287537084151,ElasticNet,f9af9b57,20260223_205024,0.95,0.2,0.0008624545353531256,0.0001348024052175761,0.9989912082437683,1.1534815660999773e-05
TCGA-E9-A3QA-01,Basal,0.9965220719739802,0.0020557415898222724,0.994466330384158,ElasticNet,f9af9b57,20260223_205024,0.95,0.2,0.9965220719739802,0.0020557415898222724,0.0008001169173512742,0.0006220695188460683
TCGA-A7-A4SD-01,Basal,0.9554876393438203,0.017029342061575418,0.9384582972822448,ElasticNet,f9af9b57,20260223_205024,0.95,0.2,0.9554876393438203,0.011636019793075492,0.017029342061575418,0.015846998801528782
TCGA-A7-A0CH-11,LumA,0.9978323072913785,0.0017691352043555319,0.996063172087023,ElasticNet,f9af9b57,20260223_205024,0.95,0.2,0.0017691352043555319,0.0002879789790640068,0.9978323072913785,0.00011057852520181135
TCGA-A7-A0CE-01,Basal,0.9678837227614849,0.021718949123674402,0.9461647736378105,ElasticNet,f9af9b57,20260223_205024,0.95,0.2,0.9678837227614849,0.021718949123674402,0.009868501953815967,0.0005288261610246372
TCGA-AR-A0U1-01,Basal,0.9707745241727901,0.016199046287807772,0.9545754778849823,ElasticNet,f9af9b57,20260223_205024,0.95,0.2,0.9707745241727901,0.009643321338857837,0.016199046287807772,0.003383108200544154
TCGA-LL-A440-01,LumA,0.9514081003878837,0.0381941362687482,0.9132139641191355,ElasticNet,f9af9b57,20260223_205024,0.95,0.2,0.0381941362687482,0.0032558149431379793,0.9514081003878837,0.007141948400230065
TCGA-E2-A1II-01,Basal,0.97671145077953,0.011454925600140583,0.9652565251793894,ElasticNet,f9af9b57,20260223_205024,0.95,0.2,0.97671145077953,0.011454925600140583,0.00391135901036548,0.007922264609963878
TCGA-OL-A5RX-01,LumA,0.9975195558462668,0.001983348189086653,0.9955362076571802,ElasticNet,f9af9b57,20260223_205024,0.95,0.2,0.001983348189086653,0.0003818385757578461,0.9975195558462668,0.00011525738888862853
TCGA-BH-A0B9-01,Basal,0.9971009973829452,0.0017277265109666765,0.9953732708719786,ElasticNet,f9af9b57,20260223_205024,0.95,0.2,0.9971009973829452,0.0011028371999141121,0.0017277265109666765,6.843890617410587e-05
TCGA-A2-A1G0-01,LumA,0.9987093575178363,0.0005166384460401839,0.9981927190717961,ElasticNet,f9af9b57,20260223_205024,0.95,0.2,0.0005166384460401839,0.0003235121505977293,0.9987093575178363,0.00045049188552591835
TCGA-E9-A1RC-11,LumA,0.9843888182957665,0.00813238270963388,0.9762564355861326,ElasticNet,f9af9b57,20260223_205024,0.95,0.2,0.004520358634502212,0.00813238270963388,0.9843888182957665,0.0029584403600972867
TCGA-AR-A24S-01,LumB,0.9518215375174401,0.02272196341089551,0.9290995741065446,ElasticNet,f9af9b57,20260223_205024,0.95,0.2,0.017488328048856246,0.02272196341089551,0.007968171022808095,0.9518215375174401
TCGA-BH-A0H9-11,LumA,0.9997086766088376,0.00018669993004053885,0.999521976678797,ElasticNet,f9af9b57,20260223_205024,0.95,0.2,0.00018669993004053885,9.033664297643835e-05,0.9997086766088376,1.4286818145492928e-05
TCGA-LD-A74U-01,LumA,0.9548144559083647,0.01942684349697613,0.9353876124113886,ElasticNet,f9af9b57,20260223_205024,0.95,0.2,0.017395787198681043,0.008362913395978144,0.9548144559083647,0.01942684349697613
TCGA-E2-A1IJ-01,LumA,0.9820246899919965,0.006387324185982244,0.9756373658060143,ElasticNet,f9af9b57,20260223_205024,0.95,0.2,0.00620921196041065,0.005378773861610594,0.9820246899919965,0.006387324185982244
TCGA-BH-A42V-01,LumA,0.987417994694328,0.009053736538378229,0.9783642581559497,ElasticNet,f9af9b57,20260223_205024,0.95,0.2,0.009053736538378229,0.0023916232150948753,0.987417994694328,0.0011366455521988597
TCGA-B6-A0IH-01,LumA,0.9998205686548411,8.750885145463814e-05,0.9997330598033866,ElasticNet,f9af9b57,20260223_205024,0.95,0.2,8.750885145463814e-05,5.221983536548637e-05,0.9998205686548411,3.970265833868797e-05
TCGA-AR-A1AQ-01,Basal,0.9834325791694536,0.014273799001042578,0.9691587801684111,ElasticNet,f9af9b57,20260223_205024,0.95,0.2,0.9834325791694536,0.014273799001042578,0.0005039723340732853,0.0017896494954303122
TCGA-BH-A18T-01,Basal,0.9975093218410015,0.0015120724402775496,0.995997249400724,ElasticNet,f9af9b57,20260223_205024,0.95,0.2,0.9975093218410015,0.0015120724402775496,0.0007754088899625078,0.00020319682875838397
TCGA-BH-A0E0-11,LumA,0.9989368992472394,0.0008120768454015346,0.9981248224018379,ElasticNet,f9af9b57,20260223_205024,0.95,0.2,0.0008120768454015346,0.00023165624091055627,0.9989368992472394,1.9367666448503103e-05
TCGA-BH-A0HA-11,LumA,0.9972826307406358,0.002695657096782333,0.9945869736438535,ElasticNet,f9af9b57,20260223_205024,0.95,0.2,0.002695657096782333,2.0424608051584963e-05,0.9972826307406358,1.2875545302673687e-06
TCGA-BH-A18P-11,LumA,0.9999304655310801,6.520797753974295e-05,0.9998652575535404,ElasticNet,f9af9b57,20260223_205024,0.95,0.2,6.520797753974295e-05,4.137798576817265e-06,0.9999304655310801,1.8869280334000044e-07
TCGA-E9-A1N4-11,LumA,0.9961687908188966,0.0038046254250609303,0.9923641653938358,ElasticNet,f9af9b57,20260223_205024,0.95,0.2,0.0038046254250609303,2.4786911761983238e-05,0.9961687908188966,1.796844280421926e-06
TCGA-S3-AA10-01,Basal,0.9966434972032481,0.002065048198066001,0.9945784490051821,ElasticNet,f9af9b57,20260223_205024,0.95,0.2,0.9966434972032481,0.002065048198066001,0.00021479895429704765,0.001076655644388794
TCGA-OL-A5RV-01,LumA,0.9940983973859625,0.002157755519437,0.9919406418665255,ElasticNet,f9af9b57,20260223_205024,0.95,0.2,0.002157755519437,0.0018397344248391866,0.9940983973859625,0.0019041126697612572
TCGA-BH-A18U-11,LumA,0.9624216219565058,0.037364693237141186,0.9250569287193646,ElasticNet,f9af9b57,20260223_205024,0.95,0.2,0.037364693237141186,0.00013117723477975185,0.9624216219565058,8.250757157311866e-05
TCGA-A2-A04U-01,Basal,0.9934184568506976,0.005992579744352816,0.9874258771063448,ElasticNet,f9af9b57,20260223_205024,0.95,0.2,0.9934184568506976,0.005992579744352816,0.0002347898114354617,0.00035417359351416587
TCGA-A2-A3XV-01,Her2,0.9957580226834388,0.002411725215446536,0.9933462974679923,ElasticNet,f9af9b57,20260223_205024,0.95,0.2,0.0006197051142945033,0.9957580226834388,0.0012105469868200773,0.002411725215446536
TCGA-E2-A1LS-11,LumA,0.9995739466633906,0.0003501358476820464,0.9992238108157085,ElasticNet,f9af9b57,20260223_205024,0.95,0.2,0.0003501358476820464,7.412399311780838e-05,0.9995739466633906,1.7934958096372394e-06
TCGA-AC-A2FM-11,LumA,0.9997111119549957,0.0002741501233541382,0.9994369618316415,ElasticNet,f9af9b57,20260223_205024,0.95,0.2,0.0002741501233541382,1.4356887518658883e-05,0.9997111119549957,3.810341315934894e-07
TCGA-BH-A18M-11,LumA,0.9936916440604326,0.005556115744481193,0.9881355283159514,ElasticNet,f9af9b57,20260223_205024,0.95,0.2,0.005556115744481193,0.0004659322055226796,0.9936916440604326,0.0002863079895636493
TCGA-AC-A7VB-01,LumB,0.9766648727969611,0.019587482110124444,0.9570773906868367,ElasticNet,f9af9b57,20260223_205024,0.95,0.2,0.0009396974839593625,0.019587482110124444,0.002807947608955173,0.9766648727969611
TCGA-B6-A0RO-01,LumA,0.9816477661638908,0.015628792804372436,0.9660189733595184,ElasticNet,f9af9b57,20260223_205024,0.95,0.2,0.0004913839626654739,0.0022320570690711776,0.9816477661638908,0.015628792804372436
TCGA-A2-A04P-01,Basal,0.9949619043361622,0.002036964195544824,0.9929249401406174,ElasticNet,f9af9b57,20260223_205024,0.95,0.2,0.9949619043361622,0.0012803272798605327,0.002036964195544824,0.0017208041884324923
TCGA-E2-A14R-01,Basal,0.9955705254953952,0.0033987458074498426,0.9921717796879453,ElasticNet,f9af9b57,20260223_205024,0.95,0.2,0.9955705254953952,0.0033987458074498426,0.00044441624254597457,0.0005863124546090033
TCGA-E2-A1IU-01,LumA,0.9923307708371961,0.0049871671029341775,0.9873436037342619,ElasticNet,f9af9b57,20260223_205024,0.95,0.2,0.0011146407094175797,0.001567421350452048,0.9923307708371961,0.0049871671029341775
TCGA-BH-A0B3-11,LumA,0.9988698836522315,0.0010634771900964151,0.9978064064621351,ElasticNet,f9af9b57,20260223_205024,0.95,0.2,0.0010634771900964151,5.1693614404105854e-05,0.9988698836522315,1.4945543268097207e-05
TCGA-A2-A0CZ-01,LumA,0.9828097740282581,0.011652006727768892,0.9711577673004892,ElasticNet,f9af9b57,20260223_205024,0.95,0.2,0.011652006727768892,0.004417046160143082,0.9828097740282581,0.001121173083830069
TCGA-GM-A2DM-01,LumA,0.9846083877993068,0.009882481434402077,0.9747259063649047,ElasticNet,f9af9b57,20260223_205024,0.95,0.2,0.0007373428995194104,0.004771787866771815,0.9846083877993068,0.009882481434402077
TCGA-A2-A0D4-01,LumB,0.9871828592696728,0.009105651893221654,0.9780772073764511,ElasticNet,f9af9b57,20260223_205024,0.95,0.2,0.0007346248865616681,0.009105651893221654,0.002976863950543992,0.9871828592696728
TCGA-C8-A1HN-01,LumB,0.9926215560862707,0.0037742241828252854,0.9888473319034454,ElasticNet,f9af9b57,20260223_205024,0.95,0.2,0.0008821812345025214,0.0037742241828252854,0.0027220384964014507,0.9926215560862707
TCGA-EW-A6SB-01,Basal,0.9951111198397614,0.0023503714226444754,0.9927607484171169,ElasticNet,f9af9b57,20260223_205024,0.95,0.2,0.9951111198397614,0.0023503714226444754,0.002296280605765831,0.00024222813182836424
TCGA-E2-A14S-01,LumB,0.9636418410830786,0.025769323712913416,0.9378725173701652,ElasticNet,f9af9b57,20260223_205024,0.95,0.2,0.0027757491279254073,0.007813086076082611,0.025769323712913416,0.9636418410830786
TCGA-E9-A295-01,LumA,0.9737403377774693,0.012672574627372027,0.9610677631500972,ElasticNet,f9af9b57,20260223_205024,0.95,0.2,0.011526713418744727,0.012672574627372027,0.9737403377774693,0.0020603741764140472
TCGA-AC-A62X-01,Basal,0.9862487449533421,0.007927721854652533,0.9783210230986896,ElasticNet,f9af9b57,20260223_205024,0.95,0.2,0.9862487449533421,0.005663019597363508,0.007927721854652533,0.00016051359464199654
TCGA-AC-A2FB-01,LumA,0.9883700537379652,0.005720659644386433,0.9826493940935788,ElasticNet,f9af9b57,20260223_205024,0.95,0.2,0.0032610199713301534,0.005720659644386433,0.9883700537379652,0.002648266646318287
TCGA-BH-A0BW-01,Basal,0.9903565485845103,0.0076325275245976145,0.9827240210599126,ElasticNet,f9af9b57,20260223_205024,0.95,0.2,0.9903565485845103,0.0008087818401558821,0.0076325275245976145,0.0012021420507362568
TCGA-AC-A6IW-01,Basal,0.9980004315559814,0.0009224886300033929,0.997077942925978,ElasticNet,f9af9b57,20260223_205024,0.95,0.2,0.9980004315559814,0.0006780521433457636,0.0003990276706694757,0.0009224886300033929
TCGA-BH-A0C0-11,LumA,0.999843348291696,0.00015439804572227545,0.9996889502459737,ElasticNet,f9af9b57,20260223_205024,0.95,0.2,0.00015439804572227545,2.1245835403494874e-06,0.999843348291696,1.2907904143667696e-07
TCGA-AR-A1AJ-01,Basal,0.9837219736356778,0.010605690509402438,0.9731162831262754,ElasticNet,f9af9b57,20260223_205024,0.95,0.2,0.9837219736356778,0.005537546307098723,0.010605690509402438,0.00013478954782104408
TCGA-BH-A0H7-11,LumA,0.9700773051508829,0.029277764140988226,0.9407995410098946,ElasticNet,f9af9b57,20260223_205024,0.95,0.2,0.029277764140988226,0.0005057081602374812,0.9700773051508829,0.00013922254789143403
TCGA-BH-A0BM-11,LumA,0.9869359084742829,0.012942127422369545,0.9739937810519134,ElasticNet,f9af9b57,20260223_205024,0.95,0.2,0.012942127422369545,0.00010826042178171736,0.9869359084742829,1.3703681565822293e-05
TCGA-BH-A0DI-01,LumA,0.9656899261475058,0.024013779359033302,0.9416761467884726,ElasticNet,f9af9b57,20260223_205024,0.95,0.2,0.0047690970561311405,0.024013779359033302,0.9656899261475058,0.005527197437329619
TCGA-E2-A1BC-11,LumA,0.9995624551106408,0.0002965448833864623,0.9992659102272543,ElasticNet,f9af9b57,20260223_205024,0.95,0.2,0.0002965448833864623,0.00012502545964009976,0.9995624551106408,1.5974546332695487e-05
TCGA-BH-A18G-01,Basal,0.9586829997302997,0.022582070633199537,0.9361009290971002,ElasticNet,f9af9b57,20260223_205024,0.95,0.2,0.9586829997302997,0.022582070633199537,0.01761807447442842,0.0011168551620724663
TCGA-BH-A0DG-11,LumA,0.998035148126927,0.0019134648421881297,0.9961216832847388,ElasticNet,f9af9b57,20260223_205024,0.95,0.2,0.0019134648421881297,4.6148686492732526e-05,0.998035148126927,5.2383443922935795e-06
TCGA-AN-A0XR-01,LumB,0.9551925297592282,0.03628957226411363,0.9189029574951145,ElasticNet,f9af9b57,20260223_205024,0.95,0.2,0.0015686472318160469,0.03628957226411363,0.006949250744842205,0.9551925297592282
TCGA-AO-A1KO-01,LumA,0.9992629456478538,0.000717870782687561,0.9985450748651662,ElasticNet,f9af9b57,20260223_205024,0.95,0.2,0.000717870782687561,1.82577220318036e-05,0.9992629456478538,9.258474267802253e-07
TCGA-BH-A0B7-11,LumA,0.9973442301003057,0.0026343510431066025,0.9947098790571991,ElasticNet,f9af9b57,20260223_205024,0.95,0.2,0.0026343510431066025,1.915742115192872e-05,0.9973442301003057,2.2614354358246268e-06
TCGA-BH-A1ET-11,LumA,0.9999161125960945,7.995314525310436e-05,0.9998361594508414,ElasticNet,f9af9b57,20260223_205024,0.95,0.2,7.995314525310436e-05,3.5931061448351764e-06,0.9999161125960945,3.41152507606901e-07
TCGA-BH-A0B8-11,LumA,0.9993874177447242,0.00047169389161383,0.9989157238531103,ElasticNet,f9af9b57,20260223_205024,0.95,0.2,0.00047169389161383,0.00012795213746656173,0.9993874177447242,1.2936226195377212e-05
TCGA-BH-A1FC-01,Basal,0.9519433051870566,0.03064967914134827,0.9212936260457083,ElasticNet,f9af9b57,20260223_205024,0.95,0.2,0.9519433051870566,0.03064967914134827,0.0011512385468829026,0.016255777124712264
TCGA-BH-A8FZ-01,LumA,0.984564314098309,0.011531390525294437,0.9730329235730146,ElasticNet,f9af9b57,20260223_205024,0.95,0.2,0.011531390525294437,0.0018468962035195439,0.984564314098309,0.0020573991728769572
TCGA-E9-A5UO-01,LumB,0.9918837246971901,0.006301560103700298,0.9855821645934898,ElasticNet,f9af9b57,20260223_205024,0.95,0.2,0.0005653790807864886,0.0012493361183232268,0.006301560103700298,0.9918837246971901
TCGA-E2-A15I-11,LumA,0.9999290315268182,5.77653101996088e-05,0.9998712662166186,ElasticNet,f9af9b57,20260223_205024,0.95,0.2,5.77653101996088e-05,1.2388304159988263e-05,0.9999290315268182,8.148588222607077e-07
TCGA-E2-A573-01,Basal,0.9963198694806467,0.0033900794000903843,0.9929297900805563,ElasticNet,f9af9b57,20260223_205024,0.95,0.2,0.9963198694806467,0.0033900794000903843,0.00020194620710297723,8.810491215993006e-05
TCGA-D8-A146-01,LumA,0.9633507019200114,0.022913147413696683,0.9404375545063147,ElasticNet,f9af9b57,20260223_205024,0.95,0.2,0.005104909906100315,0.008631240760191637,0.9633507019200114,0.022913147413696683
TCGA-BH-A18L-11,LumA,0.9994405091923257,0.0005368319193221023,0.9989036772730037,ElasticNet,f9af9b57,20260223_205024,0.95,0.2,0.0005368319193221023,1.9583587043212776e-05,0.9994405091923257,3.0753013088278033e-06
TCGA-BH-A0DZ-11,LumA,0.9900143484374806,0.009020304004748889,0.9809940444327317,ElasticNet,f9af9b57,20260223_205024,0.95,0.2,0.009020304004748889,0.000903326548338093,0.9900143484374806,6.20210094324383e-05
TCGA-BH-A28O-01,LumA,0.9985606469454347,0.0013376053177432776,0.9972230416276914,ElasticNet,f9af9b57,20260223_205024,0.95,0.2,0.0013376053177432776,8.55785944989715e-05,0.9985606469454347,1.61691423229652e-05
TCGA-D8-A3Z6-01,LumA,0.980537018206142,0.010521962307692652,0.9700150558984494,ElasticNet,f9af9b57,20260223_205024,0.95,0.2,0.0014852510325538229,0.00745576845361155,0.980537018206142,0.010521962307692652
TCGA-AO-A0J3-01,LumB,0.9861174628659019,0.009440239942515583,0.9766772229233862,ElasticNet,f9af9b57,20260223_205024,0.95,0.2,0.000756522257799948,0.009440239942515583,0.0036857749337826174,0.9861174628659019
TCGA-AR-A24H-01,LumB,0.9700556961136693,0.026905944164561234,0.943149751949108,ElasticNet,f9af9b57,20260223_205024,0.95,0.2,0.0015821735593984458,0.026905944164561234,0.0014561861623710248,0.9700556961136693
TCGA-BH-A0WA-01,Basal,0.9975604758476958,0.0012034582541786748,0.9963570175935171,ElasticNet,f9af9b57,20260223_205024,0.95,0.2,0.9975604758476958,0.0011848115253838727,0.0012034582541786748,5.125437274157117e-05
TCGA-AO-A0J2-01,Her2,0.9889150138404175,0.006280131278458379,0.9826348825619591,ElasticNet,f9af9b57,20260223_205024,0.95,0.2,0.004387511082037189,0.9889150138404175,0.00041734379908705134,0.006280131278458379
TCGA-C8-A275-01,Her2,0.9747766790091819,0.022734850750621365,0.9520418282585605,ElasticNet,f9af9b57,20260223_205024,0.95,0.2,0.0018142896483818818,0.9747766790091819,0.0006741805918148332,0.022734850750621365
TCGA-B6-A0RQ-01,LumA,0.999771604158287,0.00021546024530363732,0.9995561439129834,ElasticNet,f9af9b57,20260223_205024,0.95,0.2,0.00021546024530363732,1.2264261384021837e-05,0.999771604158287,6.713350253044164e-07
TCGA-E9-A1N6-11,LumA,0.9965309624593687,0.00340305861578601,0.9931279038435826,ElasticNet,f9af9b57,20260223_205024,0.95,0.2,0.00340305861578601,6.49911304707003e-05,0.9965309624593687,9.877943744261349e-07
TCGA-BH-A18R-11,LumA,0.9998065315474818,0.00018239140939265927,0.9996241401380891,ElasticNet,f9af9b57,20260223_205024,0.95,0.2,0.00018239140939265927,1.0483131442826735e-05,0.9998065315474818,5.939116827880876e-07
TCGA-BH-A1EO-11,LumA,0.959892138234071,0.019728532887439056,0.940163605346632,ElasticNet,f9af9b57,20260223_205024,0.95,0.2,0.013508458458831437,0.019728532887439056,0.959892138234071,0.006870870419658406
TCGA-E9-A1N8-01,Basal,0.9631867612201385,0.0234292832639231,0.9397574779562153,ElasticNet,f9af9b57,20260223_205024,0.95,0.2,0.9631867612201385,0.013251292156038447,0.0234292832639231,0.00013266335990008943
TCGA-D8-A27E-01,LumA,0.9714173819532054,0.026652805582777453,0.9447645763704279,ElasticNet,f9af9b57,20260223_205024,0.95,0.2,0.0002855490497843413,0.0016442634142328717,0.9714173819532054,0.026652805582777453
TCGA-EW-A1P0-01,LumB,0.9832941617445007,0.013985922599446162,0.9693082391450545,ElasticNet,f9af9b57,20260223_205024,0.95,0.2,0.0004940376359410741,0.002225878020112186,0.013985922599446162,0.9832941617445007
TCGA-E9-A244-01,Basal,0.9883554611539309,0.007244177721917202,0.9811112834320137,ElasticNet,f9af9b57,20260223_205024,0.95,0.2,0.9883554611539309,0.0012365783650981931,0.0031637827590536446,0.007244177721917202
TCGA-AC-A8OS-01,LumA,0.9601292731471368,0.035535834592935744,0.9245934385542011,ElasticNet,f9af9b57,20260223_205024,0.95,0.2,0.003330038085001258,0.001004854174926189,0.9601292731471368,0.035535834592935744
TCGA-E2-A15C-01,LumA,0.9604874085260161,0.02964752581602913,0.930839882709987,ElasticNet,f9af9b57,20260223_205024,0.95,0.2,0.00207984259415365,0.007785223063801143,0.9604874085260161,0.02964752581602913
TCGA-HN-A2OB-01,LumA,0.9990471686000689,0.0003854578247019164,0.998661710775367,ElasticNet,f9af9b57,20260223_205024,0.95,0.2,0.00030250729572381434,0.00026486627950532215,0.9990471686000689,0.0003854578247019164
TCGA-B6-A0RU-01,Basal,0.9705711417980966,0.016970698342281876,0.9536004434558147,ElasticNet,f9af9b57,20260223_205024,0.95,0.2,0.9705711417980966,0.016970698342281876,0.0070331014931177705,0.005425058366503801
TCGA-AC-A23H-11,LumA,0.9991571709704413,0.0008101106775819109,0.9983470602928594,ElasticNet,f9af9b57,20260223_205024,0.95,0.2,0.0008101106775819109,3.1129539442450175e-05,0.9991571709704413,1.5888125344173133e-06
TCGA-E9-A3Q9-01,LumA,0.9772304841453155,0.01871042970194499,0.9585200544433705,ElasticNet,f9af9b57,20260223_205024,0.95,0.2,0.0004414798324512578,0.0036176063202880727,0.9772304841453155,0.01871042970194499
TCGA-C8-A1HL-01,LumB,0.9686910445893552,0.02931156067199063,0.9393794839173646,ElasticNet,f9af9b57,20260223_205024,0.95,0.2,0.0012810967992182717,0.02931156067199063,0.0007162979394359555,0.9686910445893552
TCGA-MS-A51U-01,LumA,0.9923934945128526,0.003633074548450132,0.9887604199644026,ElasticNet,f9af9b57,20260223_205024,0.95,0.2,0.003633074548450132,0.0005340580988703748,0.9923934945128526,0.003439372839826768
TCGA-AR-A24W-01,LumA,0.9996957508071553,0.00020819512623314448,0.9994875556809222,ElasticNet,f9af9b57,20260223_205024,0.95,0.2,0.00020819512623314448,6.420632725700524e-05,0.9996957508071553,3.184773935451484e-05
TCGA-3C-AALI-01,Her2,0.9883865580488015,0.0074061041186613994,0.9809804539301401,ElasticNet,f9af9b57,20260223_205024,0.95,0.2,0.003316158480048108,0.9883865580488015,0.0008911793524889174,0.0074061041186613994
TCGA-BH-A18N-11,LumA,0.999958875035741,3.9004251011282704e-05,0.9999198707847297,ElasticNet,f9af9b57,20260223_205024,0.95,0.2,3.9004251011282704e-05,1.8963451489258759e-06,0.999958875035741,2.2436809880083627e-07
TCGA-A7-A0CE-11,LumA,0.9944404925549095,0.005333503328205091,0.9891069892267044,ElasticNet,f9af9b57,20260223_205024,0.95,0.2,0.005333503328205091,0.00015811935486611484,0.9944404925549095,6.788476201920566e-05
TCGA-AR-A0TS-01,Basal,0.9882414019140473,0.009686219270073584,0.9785551826439737,ElasticNet,f9af9b57,20260223_205024,0.95,0.2,0.9882414019140473,0.009686219270073584,0.0010776743483722658,0.0009947044675068068
TCGA-A2-A3XU-01,Basal,0.9897371830312544,0.009791692721232658,0.9799454903100216,ElasticNet,f9af9b57,20260223_205024,0.95,0.2,0.9897371830312544,0.00046687843470466885,0.009791692721232658,4.245812808223569e-06
TCGA-BH-A0AY-11,LumA,0.9973758548602938,0.0025419467668181574,0.9948339080934756,ElasticNet,f9af9b57,20260223_205024,0.95,0.2,0.0025419467668181574,3.823022498902683e-05,0.9973758548602938,4.396814789899383e-05
TCGA-D8-A145-01,LumA,0.9896254969265875,0.007548949996949428,0.9820765469296381,ElasticNet,f9af9b57,20260223_205024,0.95,0.2,0.0017759326815562297,0.0010496203949067948,0.9896254969265875,0.007548949996949428
TCGA-A8-A08L-01,Her2,0.9511013932777473,0.017382876081847774,0.9337185171958996,ElasticNet,f9af9b57,20260223_205024,0.95,0.2,0.015380765992310691,0.9511013932777473,0.017382876081847774,0.016134964648094087
TCGA-OL-A5S0-01,Basal,0.9968464274956851,0.0024940898598249687,0.9943523376358601,ElasticNet,f9af9b57,20260223_205024,0.95,0.2,0.9968464274956851,0.0024940898598249687,0.00044154630088851394,0.0002179363436013319
TCGA-C8-A1HJ-01,Basal,0.9773354000054235,0.021870866001789887,0.9554645340036336,ElasticNet,f9af9b57,20260223_205024,0.95,0.2,0.9773354000054235,0.021870866001789887,0.0005538717661819782,0.0002398622266045159
TCGA-OL-A5D7-01,Basal,0.9967303462842294,0.002720888570223572,0.9940094577140058,ElasticNet,f9af9b57,20260223_205024,0.95,0.2,0.9967303462842294,0.002720888570223572,3.625459065526414e-05,0.0005125105548918245
TCGA-OL-A5DA-01,LumA,0.9604901026400525,0.02963535908583785,0.9308547435542147,ElasticNet,f9af9b57,20260223_205024,0.95,0.2,0.004808909844418889,0.005065628429690628,0.9604901026400525,0.02963535908583785
TCGA-B6-A0RL-01,LumB,0.9837078170602618,0.008829947804827716,0.9748778692554341,ElasticNet,f9af9b57,20260223_205024,0.95,0.2,0.0007583769709550584,0.008829947804827716,0.00670385816395553,0.9837078170602618
TCGA-OL-A66N-01,LumA,0.9806458296274085,0.009509534199538067,0.9711362954278705,ElasticNet,f9af9b57,20260223_205024,0.95,0.2,0.0022100471533872033,0.007634589019666072,0.9806458296274085,0.009509534199538067
TCGA-A2-A0CM-01,Basal,0.9976659284384091,0.0013033431728277619,0.9963625852655813,ElasticNet,f9af9b57,20260223_205024,0.95,0.2,0.9976659284384091,0.0013033431728277619,0.00032744749858039547,0.0007032808901829244
TCGA-E9-A1RB-01,LumB,0.968394448927028,0.023464404845943712,0.9449300440810843,ElasticNet,f9af9b57,20260223_205024,0.95,0.2,0.006804730126448678,0.023464404845943712,0.0013364161005795503,0.968394448927028
TCGA-A2-A4RY-01,LumA,0.9957238492926974,0.004095751125877679,0.9916280981668197,ElasticNet,f9af9b57,20260223_205024,0.95,0.2,0.004095751125877679,0.00015313720898309544,0.9957238492926974,2.726237244175297e-05
TCGA-E9-A1R3-01,LumA,0.9999786346498354,1.8594051737202974e-05,0.9999600405980982,ElasticNet,f9af9b57,20260223_205024,0.95,0.2,2.5144199745219437e-06,1.8594051737202974e-05,0.9999786346498354,2.568784529072347e-07
TCGA-D8-A1JK-01,Her2,0.9531988870538322,0.032408994471514255,0.9207898925823179,ElasticNet,f9af9b57,20260223_205024,0.95,0.2,0.032408994471514255,0.9531988870538322,0.007826997424532396,0.0065651210501209405
TCGA-D8-A27L-01,LumA,0.9725145308289416,0.010661625772170301,0.9618529050567712,ElasticNet,f9af9b57,20260223_205024,0.95,0.2,0.006620086998715651,0.01020375640017237,0.9725145308289416,0.010661625772170301
TCGA-D8-A1JG-01,Her2,0.9859218590548073,0.0062333192587066405,0.9796885397961007,ElasticNet,f9af9b57,20260223_205024,0.95,0.2,0.0062333192587066405,0.9859218590548073,0.0024215247674034697,0.005423296919082563
TCGA-A2-A0EO-01,LumA,0.9767855617931909,0.010782072107751176,0.9660034896854397,ElasticNet,f9af9b57,20260223_205024,0.95,0.2,0.0043752215475556435,0.008057144551502146,0.9767855617931909,0.010782072107751176
TCGA-AR-A1AY-01,Basal,0.9966768057621931,0.0017359656013560887,0.994940840160837,ElasticNet,f9af9b57,20260223_205024,0.95,0.2,0.9966768057621931,0.0017359656013560887,0.0015181539013003266,6.907473515037109e-05
TCGA-AN-A0FX-01,Basal,0.9841072041687047,0.012472645351444503,0.9716345588172601,ElasticNet,f9af9b57,20260223_205024,0.95,0.2,0.9841072041687047,0.0032141071881839644,0.012472645351444503,0.00020604329166677
TCGA-BH-A1FH-11,LumA,0.988452020656592,0.011348370521592039,0.977103650135,ElasticNet,f9af9b57,20260223_205024,0.95,0.2,0.011348370521592039,0.00018887695623351204,0.988452020656592,1.073186558248335e-05
TCGA-E9-A1RF-11,LumA,0.9995311634440485,0.0002389299251175971,0.9992922335189308,ElasticNet,f9af9b57,20260223_205024,0.95,0.2,0.0002389299251175971,0.00019092193220781773,0.9995311634440485,3.89846986261411e-05
TCGA-E2-A1LI-01,Basal,0.9975178690935141,0.0018770377197482738,0.9956408313737659,ElasticNet,f9af9b57,20260223_205024,0.95,0.2,0.9975178690935141,0.0018770377197482738,0.00020490624829033735,0.00040018693844747085
TCGA-E9-A54Y-01,LumB,0.9757382018134823,0.019991982369881048,0.9557462194436012,ElasticNet,f9af9b57,20260223_205024,0.95,0.2,0.002242666468602521,0.019991982369881048,0.0020271493480340584,0.9757382018134823
TCGA-GM-A4E0-01,LumA,0.9747547005084333,0.01673430473389853,0.9580203957745348,ElasticNet,f9af9b57,20260223_205024,0.95,0.2,0.01673430473389853,0.0029102333198220177,0.9747547005084333,0.005600761437846224
TCGA-BH-A1F0-11,LumA,0.9996366257911916,0.00034768689442201214,0.9992889388967696,ElasticNet,f9af9b57,20260223_205024,0.95,0.2,0.00034768689442201214,1.302826916994768e-05,0.9996366257911916,2.659045216564254e-06
TCGA-EW-A1PH-01,Basal,0.9907484984977961,0.003982889432673281,0.9867656090651228,ElasticNet,f9af9b57,20260223_205024,0.95,0.2,0.9907484984977961,0.0035268462117130587,0.0017417658578176396,0.003982889432673281
TCGA-C8-A1HG-01,LumB,0.957138674120711,0.01771892151104049,0.9394197526096705,ElasticNet,f9af9b57,20260223_205024,0.95,0.2,0.01771892151104049,0.011521905404629221,0.01362049896361935,0.957138674120711
TCGA-BH-A18L-01,LumB,0.9559875438281195,0.02997015424549258,0.9260173895826269,ElasticNet,f9af9b57,20260223_205024,0.95,0.2,0.0017584831643678014,0.02997015424549258,0.01228381876202012,0.9559875438281195
TCGA-A2-A0YI-01,LumA,0.9931216400423492,0.0061135279623395055,0.9870081120800096,ElasticNet,f9af9b57,20260223_205024,0.95,0.2,0.00031855177982007546,0.00044628021549125366,0.9931216400423492,0.0061135279623395055
TCGA-D8-A4Z1-01,LumA,0.9968913471540379,0.0022565284866566957,0.9946348186673812,ElasticNet,f9af9b57,20260223_205024,0.95,0.2,0.0022565284866566957,0.0006091351293715594,0.9968913471540379,0.00024298922993394915
TCGA-BH-A1FD-11,LumA,0.9999206940269806,6.0668690094613956e-05,0.999860025336886,ElasticNet,f9af9b57,20260223_205024,0.95,0.2,6.0668690094613956e-05,1.6529026814691713e-05,0.9999206940269806,2.108256110265752e-06
TCGA-C8-A12L-01,Her2,0.9680889179884417,0.022104530028279033,0.9459843879601626,ElasticNet,f9af9b57,20260223_205024,0.95,0.2,0.022104530028279033,0.9680889179884417,0.0037317538705869437,0.00607479811269216
TCGA-A8-A083-01,LumA,0.9898505412016824,0.008222378990971627,0.9816281622107107,ElasticNet,f9af9b57,20260223_205024,0.95,0.2,0.00013519895036202362,0.001791880856983805,0.9898505412016824,0.008222378990971627
TCGA-D8-A1XY-01,LumA,0.9753473899184569,0.01981396474732031,0.9555334251711366,ElasticNet,f9af9b57,20260223_205024,0.95,0.2,0.0007161593815406259,0.0041224859526821055,0.9753473899184569,0.01981396474732031
TCGA-AC-A2FF-11,LumA,0.9726676176601706,0.02498557339551164,0.947682044264659,ElasticNet,f9af9b57,20260223_205024,0.95,0.2,0.02498557339551164,0.002118116053324056,0.9726676176601706,0.00022869289099375272
TCGA-A2-A0D2-01,Basal,0.9956345025387724,0.003716636004329416,0.991917866534443,ElasticNet,f9af9b57,20260223_205024,0.95,0.2,0.9956345025387724,0.003716636004329416,0.00035893741450651227,0.0002899240423918306
TCGA-AR-A1AL-01,LumA,0.9880819812564241,0.005021102196425806,0.9830608790599983,ElasticNet,f9af9b57,20260223_205024,0.95,0.2,0.004037224735492979,0.0028596918116571882,0.9880819812564241,0.005021102196425806
TCGA-AO-A0J6-01,Basal,0.9913774118971539,0.006448258253053963,0.9849291536440999,ElasticNet,f9af9b57,20260223_205024,0.95,0.2,0.9913774118971539,0.001724224900216063,0.006448258253053963,0.00045010494957612937
TCGA-E2-A15A-06,LumB,0.980898150379396,0.011307311837758193,0.9695908385416377,ElasticNet,f9af9b57,20260223_205024,0.95,0.2,0.006533983879710728,0.011307311837758193,0.0012605539031350938,0.980898150379396
TCGA-E2-A15K-11,LumA,0.9783682864774039,0.020893169488114226,0.9574751169892897,ElasticNet,f9af9b57,20260223_205024,0.95,0.2,0.020893169488114226,0.0007008817812031771,0.9783682864774039,3.766225327870659e-05
TCGA-BH-A1F6-01,Basal,0.9817742846719256,0.013949779487514961,0.9678245051844107,ElasticNet,f9af9b57,20260223_205024,0.95,0.2,0.9817742846719256,0.003419116836744402,0.013949779487514961,0.0008568190038151014
TCGA-BH-A18V-01,Basal,0.994651330432596,0.003554649419714268,0.9910966810128817,ElasticNet,f9af9b57,20260223_205024,0.95,0.2,0.994651330432596,0.003554649419714268,0.0001727119494380661,0.0016213081982517884
TCGA-AR-A24M-01,LumA,0.9826454676273978,0.00995859903185244,0.9726868685955453,ElasticNet,f9af9b57,20260223_205024,0.95,0.2,0.0011591477077150787,0.00995859903185244,0.9826454676273978,0.006236785633034811
TCGA-AR-A2LQ-01,LumA,0.9807582228916251,0.012064522854394162,0.9686937000372309,ElasticNet,f9af9b57,20260223_205024,0.95,0.2,0.005529907553547815,0.012064522854394162,0.9807582228916251,0.0016473467004328244
TCGA-BH-A0DQ-11,LumA,0.999214645012595,0.0007282168762860623,0.998486428136309,ElasticNet,f9af9b57,20260223_205024,0.95,0.2,0.0007282168762860623,3.8963782238482884e-05,0.999214645012595,1.8174328880311584e-05
TCGA-EW-A1PG-01,LumA,0.9995379934820533,0.00029817657395035153,0.9992398169081029,ElasticNet,f9af9b57,20260223_205024,0.95,0.2,0.00016017317666211611,0.00029817657395035153,0.9995379934820533,3.656767334267811e-06
TCGA-BH-A0HU-01,LumB,0.9832747021126974,0.013447053479613044,0.9698276486330843,ElasticNet,f9af9b57,20260223_205024,0.95,0.2,0.0015411572451718351,0.013447053479613044,0.0017370871625176575,0.9832747021126974
TCGA-AN-A0FS-01,LumA,0.9743495223665697,0.01667586293289115,0.9576736594336785,ElasticNet,f9af9b57,20260223_205024,0.95,0.2,0.0020116269136103526,0.006962987786928732,0.9743495223665697,0.01667586293289115
TCGA-A2-A0ST-01,Basal,0.9660857897535606,0.02830074098474889,0.9377850487688117,ElasticNet,f9af9b57,20260223_205024,0.95,0.2,0.9660857897535606,0.0037900271258455784,0.02830074098474889,0.0018234421358447786
TCGA-BH-A0H5-11,LumA,0.999735123410537,0.0002570441185930539,0.999478079291944,ElasticNet,f9af9b57,20260223_205024,0.95,0.2,0.0002570441185930539,7.463449106897152e-06,0.999735123410537,3.6902176317010666e-07
TCGA-E9-A1RI-11,LumA,0.9987218341410915,0.0009986635058683332,0.9977231706352232,ElasticNet,f9af9b57,20260223_205024,0.95,0.2,0.00021632367697117596,0.0009986635058683332,0.9987218341410915,6.31786760690661e-05
TCGA-OL-A6VO-01,Basal,0.9924019687517581,0.003750917940556238,0.9886510508112019,ElasticNet,f9af9b57,20260223_205024,0.95,0.2,0.9924019687517581,0.003750917940556238,0.0016036211241294857,0.0022434921835559796
TCGA-BH-A209-11,LumA,0.9984999385673337,0.0013746471243894752,0.9971252914429442,ElasticNet,f9af9b57,20260223_205024,0.95,0.2,0.0013746471243894752,0.00012140727024325151,0.9984999385673337,4.007038033504024e-06
TCGA-B6-A402-01,Basal,0.9982807917233943,0.0010431126721769954,0.9972376790512173,ElasticNet,f9af9b57,20260223_205024,0.95,0.2,0.9982807917233943,8.046861456500012e-05,0.0010431126721769954,0.000595626989863597
TCGA-D8-A1JB-01,LumA,0.9932204232593091,0.0030567040027465312,0.9901637192565627,ElasticNet,f9af9b57,20260223_205024,0.95,0.2,0.002724833157645269,0.0009980395802990886,0.9932204232593091,0.0030567040027465312
TCGA-E2-A109-01,LumB,0.9571535980664428,0.038258829077185245,0.9188947689892576,ElasticNet,f9af9b57,20260223_205024,0.95,0.2,0.0014718181852750364,0.038258829077185245,0.0031157546710968652,0.9571535980664428
TCGA-B6-A0RE-01,Basal,0.9969504719794031,0.0024274192592332027,0.9945230527201699,ElasticNet,f9af9b57,20260223_205024,0.95,0.2,0.9969504719794031,0.0005288153950787908,0.0024274192592332027,9.329336628507575e-05
TCGA-E9-A1RB-11,LumA,0.9862973054845111,0.012157596037273843,0.9741397094472373,ElasticNet,f9af9b57,20260223_205024,0.95,0.2,0.012157596037273843,0.001308808490278977,0.9862973054845111,0.00023628998793599518
TCGA-C8-A134-01,Basal,0.9907409911356057,0.008570381878959199,0.9821706092566465,ElasticNet,f9af9b57,20260223_205024,0.95,0.2,0.9907409911356057,0.008570381878959199,0.00021851303461243836,0.00047011395082262395
TCGA-BH-A0DH-11,LumA,0.9975017632348914,0.0024676300184444805,0.9950341332164468,ElasticNet,f9af9b57,20260223_205024,0.95,0.2,0.0024676300184444805,2.2512739763071845e-05,0.9975017632348914,8.094006901221545e-06
TCGA-AN-A0AT-01,Basal,0.9976815422469394,0.0012884556580894436,0.99639308658885,ElasticNet,f9af9b57,20260223_205024,0.95,0.2,0.9976815422469394,0.0009522800350043354,0.0012884556580894436,7.772205996676719e-05
TCGA-E9-A1RD-11,LumA,0.9986778279135542,0.0011025826989088546,0.9975752452146454,ElasticNet,f9af9b57,20260223_205024,0.95,0.2,0.0011025826989088546,0.00018776553369969715,0.9986778279135542,3.182385383736181e-05
TCGA-C8-A274-01,LumB,0.9696589111042332,0.022039673872261252,0.947619237231972,ElasticNet,f9af9b57,20260223_205024,0.95,0.2,0.00025939162802663963,0.022039673872261252,0.008042023395478997,0.9696589111042332
TCGA-BH-A18Q-11,LumA,0.998639930647744,0.0013153011984048185,0.9973246294493392,ElasticNet,f9af9b57,20260223_205024,0.95,0.2,0.0013153011984048185,4.2281528673546866e-05,0.998639930647744,2.4866251777075997e-06
TCGA-AR-A2LM-01,LumA,0.9970768199866361,0.0013097612733100634,0.995767058713326,ElasticNet,f9af9b57,20260223_205024,0.95,0.2,0.00040338132307621386,0.001210037416977628,0.9970768199866361,0.0013097612733100634
TCGA-B6-A0I1-01,Basal,0.9837494389818364,0.007782519667261399,0.975966919314575,ElasticNet,f9af9b57,20260223_205024,0.95,0.2,0.9837494389818364,0.007782519667261399,0.005070495792990523,0.0033975455579117364
TCGA-W8-A86G-01,LumA,0.9984751221095881,0.0011982808351669832,0.9972768412744212,ElasticNet,f9af9b57,20260223_205024,0.95,0.2,0.0011982808351669832,0.00025783676259086806,0.9984751221095881,6.876029265406576e-05
TCGA-PL-A8LZ-01,Basal,0.950883009023597,0.01928486581335996,0.931598143210237,ElasticNet,f9af9b57,20260223_205024,0.95,0.2,0.950883009023597,0.01928486581335996,0.014552512291461072,0.015279612871581949
TCGA-A2-A04R-01,LumB,0.9577511907815979,0.02892736211632113,0.9288238286652768,ElasticNet,f9af9b57,20260223_205024,0.95,0.2,0.0025114564996840207,0.02892736211632113,0.01080999060239695,0.9577511907815979
TCGA-E2-A1LH-01,Basal,0.9974195814390643,0.0016113186335850937,0.9958082628054792,ElasticNet,f9af9b57,20260223_205024,0.95,0.2,0.9974195814390643,0.0008336056373156087,0.0016113186335850937,0.00013549429003483282
TCGA-BH-A0E9-01,LumA,0.988437198246861,0.006869495694672214,0.9815677025521888,ElasticNet,f9af9b57,20260223_205024,0.95,0.2,0.003988944468762635,0.0007043615897041648,0.988437198246861,0.006869495694672214
TCGA-BH-A0BJ-11,LumA,0.9978641241072078,0.002075591173473074,0.9957885329337347,ElasticNet,f9af9b57,20260223_205024,0.95,0.2,0.002075591173473074,5.6212653097918814e-05,0.9978641241072078,4.072066221198866e-06
TCGA-E2-A14P-01,Her2,0.9934428302060174,0.005708040260398241,0.9877347899456191,ElasticNet,f9af9b57,20260223_205024,0.95,0.2,0.0006567059419355554,0.9934428302060174,0.0001924235916489084,0.005708040260398241
TCGA-E9-A1R7-11,LumA,0.9996658303014742,0.00027921492390403104,0.9993866153775701,ElasticNet,f9af9b57,20260223_205024,0.95,0.2,0.00027921492390403104,5.3226156443171834e-05,0.9996658303014742,1.7286181785379425e-06
TCGA-BH-A0W5-01,LumA,0.9622347369831209,0.02729462999472679,0.9349401069883941,ElasticNet,f9af9b57,20260223_205024,0.95,0.2,0.008081827596511429,0.0023888054256409447,0.9622347369831209,0.02729462999472679
TCGA-E2-A15I-01,LumA,0.9980168767569843,0.0013495597080555976,0.9966673170489286,ElasticNet,f9af9b57,20260223_205024,0.95,0.2,0.00011028538014711799,0.0013495597080555976,0.9980168767569843,0.0005232781548130082
TCGA-A2-A3XY-01,Basal,0.988319499106069,0.009855838619977263,0.9784636604860917,ElasticNet,f9af9b57,20260223_205024,0.95,0.2,0.988319499106069,0.009855838619977263,0.0014994012933393238,0.00032526098061451365
TCGA-BH-A1FG-11,LumA,0.9997521510861112,0.0002353348743669233,0.9995168162117443,ElasticNet,f9af9b57,20260223_205024,0.95,0.2,0.0002353348743669233,1.0332254637055838e-05,0.9997521510861112,2.181784884809988e-06
TCGA-BH-A0BG-01,Basal,0.9971206087537128,0.0023254133421422556,0.9947951954115706,ElasticNet,f9af9b57,20260223_205024,0.95,0.2,0.9971206087537128,0.0001232779368837403,0.0023254133421422556,0.00043069996726118124
TCGA-D8-A3Z5-01,LumA,0.9986653697869747,0.0010622216161308119,0.997603148170844,ElasticNet,f9af9b57,20260223_205024,0.95,0.2,0.0010622216161308119,0.00014825700908461986,0.9986653697869747,0.00012415158781000374
TCGA-EW-A2FW-01,LumB,0.9550361017599517,0.03566717944678479,0.9193689223131669,ElasticNet,f9af9b57,20260223_205024,0.95,0.2,0.00220025793386055,0.03566717944678479,0.007096460859402935,0.9550361017599517
TCGA-E2-A14U-01,LumA,0.999927561225885,6.262839369741687e-05,0.9998649328321876,ElasticNet,f9af9b57,20260223_205024,0.95,0.2,6.262839369741687e-05,6.915613295177814e-06,0.999927561225885,2.894767122365797e-06
TCGA-OL-A5RU-01,LumA,0.9908119887227101,0.006807860820244815,0.9840041279024654,ElasticNet,f9af9b57,20260223_205024,0.95,0.2,0.0012926785939763503,0.0010874718630687077,0.9908119887227101,0.006807860820244815
TCGA-LL-A5YM-01,LumB,0.9638170611307906,0.020776271547169853,0.9430407895836207,ElasticNet,f9af9b57,20260223_205024,0.95,0.2,0.00511873488440327,0.010287932437636206,0.020776271547169853,0.9638170611307906
TCGA-OL-A6VR-01,LumA,0.9722390282595545,0.018507650312807166,0.9537313779467473,ElasticNet,f9af9b57,20260223_205024,0.95,0.2,0.0012357455209946893,0.008017575906643587,0.9722390282595545,0.018507650312807166
TCGA-5L-AAT1-01,LumA,0.9909032317648926,0.004972314756560584,0.985930917008332,ElasticNet,f9af9b57,20260223_205024,0.95,0.2,0.0011454837851844072,0.004972314756560584,0.9909032317648926,0.002978969693362312
TCGA-D8-A1JL-01,Basal,0.9863830332530349,0.008234437884487552,0.9781485953685474,ElasticNet,f9af9b57,20260223_205024,0.95,0.2,0.9863830332530349,0.008234437884487552,0.0044589808939748425,0.0009235479685029131
TCGA-AR-A0TY-01,LumB,0.9808933528372279,0.01687138299887547,0.9640219698383524,ElasticNet,f9af9b57,20260223_205024,0.95,0.2,0.0017737759524441325,0.01687138299887547,0.0004614882114525084,0.9808933528372279
TCGA-E2-A574-01,Basal,0.9737850508576034,0.018724892466592858,0.9550601583910105,ElasticNet,f9af9b57,20260223_205024,0.95,0.2,0.9737850508576034,0.018724892466592858,0.005639160170940662,0.0018508965048630143
TCGA-BH-A0E6-01,Basal,0.9883555096495644,0.007201403948687634,0.9811541057008768,ElasticNet,f9af9b57,20260223_205024,0.95,0.2,0.9883555096495644,0.007201403948687634,0.0005585010924501571,0.0038845853092977474
TCGA-GM-A3XL-01,Basal,0.9760890032704973,0.019155775201237846,0.9569332280692595,ElasticNet,f9af9b57,20260223_205024,0.95,0.2,0.9760890032704973,0.019155775201237846,0.0008687822067016021,0.0038864393215632623
TCGA-LQ-A4E4-01,LumB,0.9583999179657473,0.0229347074268693,0.935465210538878,ElasticNet,f9af9b57,20260223_205024,0.95,0.2,0.0024350231503600796,0.016230351457023288,0.0229347074268693,0.9583999179657473
TCGA-AN-A0XU-01,Basal,0.9970330191708017,0.0016672883434505523,0.9953657308273511,ElasticNet,f9af9b57,20260223_205024,0.95,0.2,0.9970330191708017,0.0011655091611420382,0.0016672883434505523,0.00013418332460584515
TCGA-EW-A1J2-01,LumA,0.9986138301625905,0.0004689465814594472,0.9981448835811311,ElasticNet,f9af9b57,20260223_205024,0.95,0.2,0.0004678239084005435,0.0004689465814594472,0.9986138301625905,0.0004493993475495632
TCGA-AQ-A54N-01,Basal,0.9970714701036627,0.0016178011497384875,0.9954536689539242,ElasticNet,f9af9b57,20260223_205024,0.95,0.2,0.9970714701036627,0.000675784912121541,0.0016178011497384875,0.0006349438344772071
TCGA-A7-A5ZX-01,LumA,0.9993604769058355,0.00038047131774559525,0.99898000558809,ElasticNet,f9af9b57,20260223_205024,0.95,0.2,0.00038047131774559525,8.830852924287337e-05,0.9993604769058355,0.0001707432471758832
TCGA-LL-A6FR-01,Basal,0.9997236233987455,0.0001539911715005072,0.999569632227245,ElasticNet,f9af9b57,20260223_205024,0.95,0.2,0.9997236233987455,0.0001539911715005072,0.00011111893154019407,1.1266498213856196e-05
TCGA-D8-A1JM-01,Basal,0.9913151367874977,0.007351159456363408,0.9839639773311343,ElasticNet,f9af9b57,20260223_205024,0.95,0.2,0.9913151367874977,0.007351159456363408,0.00039446814698745626,0.0009392356091511815
TCGA-LL-A73Y-01,Basal,0.9637069148481853,0.03393570585319267,0.9297712089949925,ElasticNet,f9af9b57,20260223_205024,0.95,0.2,0.9637069148481853,0.0019426147068772183,0.03393570585319267,0.0004147645917448068
TCGA-BH-A1FH-01,LumA,0.9983560856070813,0.0011974666997170498,0.9971586189073642,ElasticNet,f9af9b57,20260223_205024,0.95,0.2,0.0011974666997170498,0.00033587596874050987,0.9983560856070813,0.00011057172446121064
TCGA-AC-A4ZE-01,LumB,0.952952392922155,0.042556981425335996,0.9103954114968189,ElasticNet,f9af9b57,20260223_205024,0.95,0.2,0.0011614192200829982,0.00332920643242609,0.042556981425335996,0.952952392922155
TCGA-A7-A13G-11,LumA,0.9990446199471574,0.0006684492195947981,0.9983761707275627,ElasticNet,f9af9b57,20260223_205024,0.95,0.2,0.0006684492195947981,0.00023410698215140988,0.9990446199471574,5.282385109641008e-05
TCGA-BH-A0DK-11,LumA,0.9991648305722521,0.00062916592909731,0.9985356646431548,ElasticNet,f9af9b57,20260223_205024,0.95,0.2,0.00062916592909731,0.000146498757313266,0.9991648305722521,5.950474133732772e-05
TCGA-BH-A1FC-11,LumA,0.9998962418704628,8.768980171644369e-05,0.9998085520687463,ElasticNet,f9af9b57,20260223_205024,0.95,0.2,8.768980171644369e-05,1.517985007987418e-05,0.9998962418704628,8.884777408832088e-07
TCGA-E9-A1NG-11,LumA,0.998168091743731,0.0015819970568340025,0.996586094686897,ElasticNet,f9af9b57,20260223_205024,0.95,0.2,0.0015819970568340025,0.00023864173739574052,0.998168091743731,1.1269462039385369e-05
TCGA-AO-A0J4-01,Basal,0.9980423521464691,0.001201496698234856,0.9968408554482342,ElasticNet,f9af9b57,20260223_205024,0.95,0.2,0.9980423521464691,0.001201496698234856,0.0003761298150378902,0.0003800213402581277
TCGA-A8-A085-01,LumB,0.9617303083198735,0.034940973953092536,0.926789334366781,ElasticNet,f9af9b57,20260223_205024,0.95,0.2,0.0004228595552694352,0.034940973953092536,0.002905858171764502,0.9617303083198735
TCGA-D8-A27H-01,Basal,0.9969945359412342,0.0016622114829316522,0.9953323244583026,ElasticNet,f9af9b57,20260223_205024,0.95,0.2,0.9969945359412342,0.0016622114829316522,0.0006915066179775423,0.000651745957856517
TCGA-A2-A3Y0-01,Basal,0.9800890342099728,0.01787053101274685,0.962218503197226,ElasticNet,f9af9b57,20260223_205024,0.95,0.2,0.9800890342099728,0.01787053101274685,0.0014652515483925775,0.0005751832288875434
TCGA-BH-A1EU-11,LumA,0.999973603899433,2.389086247755394e-05,0.9999497130369555,ElasticNet,f9af9b57,20260223_205024,0.95,0.2,2.389086247755394e-05,2.468837561670907e-06,0.999973603899433,3.640052784524184e-08
TCGA-BH-A0BQ-11,LumA,0.9986488454552664,0.0012685648194129156,0.9973802806358535,ElasticNet,f9af9b57,20260223_205024,0.95,0.2,0.0012685648194129156,8.031810698349412e-05,0.9986488454552664,2.2716183371019158e-06
TCGA-A7-A5ZW-01,LumA,0.9865006087380415,0.007686451980500717,0.9788141567575408,ElasticNet,f9af9b57,20260223_205024,0.95,0.2,0.007686451980500717,0.002272958268284445,0.9865006087380415,0.0035399810131733138
TCGA-AN-A0AR-01,Basal,0.9614754110554818,0.03508449142567444,0.9263909196298074,ElasticNet,f9af9b57,20260223_205024,0.95,0.2,0.9614754110554818,0.03508449142567444,0.0033026146085636627,0.00013748291028012262
TCGA-E9-A1RH-01,Her2,0.9712753955458138,0.027136738403295443,0.9441386571425183,ElasticNet,f9af9b57,20260223_205024,0.95,0.2,0.001545453201224467,0.9712753955458138,4.241284966608815e-05,0.027136738403295443
TCGA-E9-A22G-01,Basal,0.9984067078521272,0.0011326311039456705,0.9972740767481815,ElasticNet,f9af9b57,20260223_205024,0.95,0.2,0.9984067078521272,0.0011326311039456705,2.888824087846128e-05,0.00043177280304880245
TCGA-B6-A409-01,Basal,0.9932615576034473,0.004099446632459305,0.9891621109709879,ElasticNet,f9af9b57,20260223_205024,0.95,0.2,0.9932615576034473,0.0021147892130641962,0.004099446632459305,0.0005242065510290147
TCGA-A8-A09M-01,LumB,0.9878056059060496,0.00894264481350728,0.9788629610925423,ElasticNet,f9af9b57,20260223_205024,0.95,0.2,0.0007099016569252777,0.002541847623517755,0.00894264481350728,0.9878056059060496
TCGA-GI-A2C9-11,LumA,0.9956972630715354,0.00427205093550324,0.9914252121360322,ElasticNet,f9af9b57,20260223_205024,0.95,0.2,0.00427205093550324,2.934454620723036e-05,0.9956972630715354,1.3414467542158432e-06
TCGA-AO-A1KQ-01,LumB,0.9536659359594784,0.03727056727703979,0.9163953686824385,ElasticNet,f9af9b57,20260223_205024,0.95,0.2,0.005310762562356242,0.03727056727703979,0.003752734201125529,0.9536659359594784
TCGA-WT-AB44-01,LumA,0.9965043549267941,0.002724699749227811,0.9937796551775663,ElasticNet,f9af9b57,20260223_205024,0.95,0.2,0.00033504969066526545,0.002724699749227811,0.9965043549267941,0.00043589563331283945
TCGA-E9-A1NA-11,LumA,0.9993689071405524,0.0005535366287379119,0.9988153705118145,ElasticNet,f9af9b57,20260223_205024,0.95,0.2,0.0005535366287379119,7.012860183607394e-05,0.9993689071405524,7.427628873641631e-06
TCGA-GM-A2DC-01,LumA,0.9571445772614461,0.04214171949857141,0.9150028577628747,ElasticNet,f9af9b57,20260223_205024,0.95,0.2,0.0002813018806678408,0.0004324013593145734,0.9571445772614461,0.04214171949857141
TCGA-BH-A8G0-01,LumA,0.9983038292278886,0.0012332567825098532,0.9970705724453788,ElasticNet,f9af9b57,20260223_205024,0.95,0.2,0.0012332567825098532,0.0002573760810842658,0.9983038292278886,0.00020553790851742478
TCGA-BH-A0DV-11,LumA,0.9999551500259842,4.0882679285541756e-05,0.9999142673466986,ElasticNet,f9af9b57,20260223_205024,0.95,0.2,4.0882679285541756e-05,3.9007881847878655e-06,0.9999551500259842,6.65065454326041e-08
TCGA-A8-A07B-01,LumB,0.9660080083390319,0.0194157518528834,0.9465922564861485,ElasticNet,f9af9b57,20260223_205024,0.95,0.2,0.007055674682497267,0.0194157518528834,0.007520565125587349,0.9660080083390319
TCGA-A7-A6VY-01,Basal,0.9893543860847511,0.007430127902086708,0.9819242581826644,ElasticNet,f9af9b57,20260223_205024,0.95,0.2,0.9893543860847511,0.007430127902086708,0.0028636332085779075,0.0003518528045845481
TCGA-A7-A426-01,LumA,0.9692271131154468,0.026683202708481492,0.9425439104069654,ElasticNet,f9af9b57,20260223_205024,0.95,0.2,0.026683202708481492,0.0013734608495591795,0.9692271131154468,0.0027162233265123252
TCGA-D8-A73U-01,LumA,0.9755477346080488,0.013920202872388973,0.9616275317356598,ElasticNet,f9af9b57,20260223_205024,0.95,0.2,0.002113018971478497,0.008419043548083644,0.9755477346080488,0.013920202872388973
TCGA-BH-A1FU-11,LumA,0.9995797150410983,0.00039456834518835894,0.99918514669591,ElasticNet,f9af9b57,20260223_205024,0.95,0.2,0.00039456834518835894,2.249703101542187e-05,0.9995797150410983,3.2195826978369226e-06
TCGA-A7-A3IY-01,LumA,0.9618273480887645,0.022197568559445522,0.9396297795293189,ElasticNet,f9af9b57,20260223_205024,0.95,0.2,0.022197568559445522,0.003329022258517091,0.9618273480887645,0.01264606109327297
TCGA-BH-A1F2-11,LumA,0.9991341320119139,0.0008223067600977468,0.9983118252518162,ElasticNet,f9af9b57,20260223_205024,0.95,0.2,0.0008223067600977468,4.144703005441087e-05,0.9991341320119139,2.1141979338872823e-06
TCGA-BH-A1FB-01,LumA,0.996459917315325,0.0024133625228355353,0.9940465547924895,ElasticNet,f9af9b57,20260223_205024,0.95,0.2,0.0024133625228355353,0.0007457771881394133,0.996459917315325,0.00038094297370001016
TCGA-BH-A0BM-01,LumA,0.9995842323600788,0.0002925770655851675,0.9992916552944936,ElasticNet,f9af9b57,20260223_205024,0.95,0.2,9.54320150652643e-05,0.0002925770655851675,0.9995842323600788,2.7758559270850955e-05
TCGA-BH-A18V-11,LumA,0.9998144893436385,0.00018310806726154838,0.999631381276377,ElasticNet,f9af9b57,20260223_205024,0.95,0.2,0.00018310806726154838,2.3626526002489115e-06,0.9998144893436385,3.993649982297756e-08
TCGA-E2-A1IE-01,LumB,0.9601262505933668,0.03616763678563875,0.923958613807728,ElasticNet,f9af9b57,20260223_205024,0.95,0.2,0.0011006345420471644,0.002605478078947364,0.03616763678563875,0.9601262505933668
TCGA-BH-A1FM-11,LumA,0.9994984852408744,0.0004744036277213144,0.999024081613153,ElasticNet,f9af9b57,20260223_205024,0.95,0.2,0.0004744036277213144,2.430732040726987e-05,0.9994984852408744,2.803810997194007e-06
TCGA-LL-A8F5-01,Basal,0.9903835064719481,0.007156513126739538,0.9832269933452086,ElasticNet,f9af9b57,20260223_205024,0.95,0.2,0.9903835064719481,0.007156513126739538,0.0016518102209298283,0.0008081701803825432
TCGA-A2-A4S2-01,LumA,0.9869112079905812,0.008861453516008283,0.9780497544745729,ElasticNet,f9af9b57,20260223_205024,0.95,0.2,0.0012832808994094759,0.0029440575940012756,0.9869112079905812,0.008861453516008283
TCGA-A7-A5ZV-01,Basal,0.987781899566769,0.007946998158235847,0.9798349014085331,ElasticNet,f9af9b57,20260223_205024,0.95,0.2,0.987781899566769,0.0023686785704018064,0.0019024237045934004,0.007946998158235847
TCGA-BH-A0AU-11,LumA,0.99993841090698,6.030252476524367e-05,0.9998781083822147,ElasticNet,f9af9b57,20260223_205024,0.95,0.2,6.030252476524367e-05,1.1773875323706432e-06,0.99993841090698,1.0918072230043597e-07
TCGA-BH-A0BT-11,LumA,0.9998869427066914,0.00010925628318022494,0.9997776864235112,ElasticNet,f9af9b57,20260223_205024,0.95,0.2,0.00010925628318022494,3.2747351210492596e-06,0.9998869427066914,5.262750072843617e-07
TCGA-AC-A2FG-01,LumA,0.9994893340110755,0.0003671478466233086,0.9991221861644523,ElasticNet,f9af9b57,20260223_205024,0.95,0.2,0.0003671478466233086,8.168387230097273e-05,0.9994893340110755,6.183427000025995e-05
TCGA-A2-A0T1-01,Her2,0.9524214056426886,0.028958194593804307,0.9234632110488843,ElasticNet,f9af9b57,20260223_205024,0.95,0.2,0.011001006577545849,0.9524214056426886,0.007619393185961257,0.028958194593804307
TCGA-AC-A3QP-01,LumA,0.9896749555099329,0.004930549385957191,0.9847444061239757,ElasticNet,f9af9b57,20260223_205024,0.95,0.2,0.004037509460219463,0.004930549385957191,0.9896749555099329,0.0013569856438903501
TCGA-BH-A0AU-01,LumB,0.9696739545192263,0.023151715132712646,0.9465222393865137,ElasticNet,f9af9b57,20260223_205024,0.95,0.2,0.0021319472135574234,0.005042383134503507,0.023151715132712646,0.9696739545192263
TCGA-BH-A204-11,LumA,0.9994569088197244,0.0004830952448462338,0.9989738135748781,ElasticNet,f9af9b57,20260223_205024,0.95,0.2,0.0004830952448462338,5.3648393919068356e-05,0.9994569088197244,6.3475415103364676e-06
TCGA-BH-A1ET-01,LumA,0.9735360462856733,0.02417965453318908,0.9493563917524842,ElasticNet,f9af9b57,20260223_205024,0.95,0.2,0.00043849604659215214,0.0018458031345454562,0.9735360462856733,0.02417965453318908
TCGA-BH-A1FB-11,LumA,0.9999046351679824,9.14797114629898e-05,0.9998131554565195,ElasticNet,f9af9b57,20260223_205024,0.95,0.2,9.14797114629898e-05,3.7131703998806104e-06,0.9999046351679824,1.7195015487170152e-07
TCGA-GM-A5PX-01,LumA,0.9965487437879438,0.0023816433509494233,0.9941671004369944,ElasticNet,f9af9b57,20260223_205024,0.95,0.2,0.0004431505703081926,0.0006264622907986103,0.9965487437879438,0.0023816433509494233
TCGA-B6-A0I6-01,Basal,0.9838663622298811,0.01321558314007973,0.9706507790898014,ElasticNet,f9af9b57,20260223_205024,0.95,0.2,0.9838663622298811,0.01321558314007973,0.002840629448284583,7.742518175447253e-05
TCGA-D8-A1JH-01,LumA,0.9664027102641458,0.023461007963607432,0.9429417023005384,ElasticNet,f9af9b57,20260223_205024,0.95,0.2,0.0018391259147024085,0.008297155857544215,0.9664027102641458,0.023461007963607432
TCGA-E2-A1BC-01,LumA,0.9981414700578457,0.00145282517630713,0.9966886448815385,ElasticNet,f9af9b57,20260223_205024,0.95,0.2,4.837544563215768e-05,0.0003573293202149994,0.9981414700578457,0.00145282517630713
TCGA-EW-A1OW-01,Basal,0.9963044778690782,0.0018246503757719406,0.9944798274933062,ElasticNet,f9af9b57,20260223_205024,0.95,0.2,0.9963044778690782,0.001791935084623403,0.0018246503757719406,7.893667052633349e-05
TCGA-A8-A07G-01,LumA,0.97330072854701,0.011924983291278468,0.9613757452557316,ElasticNet,f9af9b57,20260223_205024,0.95,0.2,0.0033005681637620055,0.011924983291278468,0.97330072854701,0.011473719997949633
TCGA-D8-A1XK-01,Basal,0.9984293876171555,0.0012873817540782948,0.9971420058630772,ElasticNet,f9af9b57,20260223_205024,0.95,0.2,0.9984293876171555,0.0012873817540782948,0.00016117654254690938,0.00012205408621921416
TCGA-E2-A15D-01,LumA,0.9601640185264563,0.026198825803859724,0.9339651927225966,ElasticNet,f9af9b57,20260223_205024,0.95,0.2,0.003927735252958217,0.026198825803859724,0.9601640185264563,0.009709420416725664
TCGA-B6-A0IQ-01,Basal,0.9611060053101623,0.029284602489617544,0.9318214028205448,ElasticNet,f9af9b57,20260223_205024,0.95,0.2,0.9611060053101623,0.029284602489617544,0.00907139866209892,0.0005379935381212494
TCGA-AO-A129-01,Basal,0.99745979597678,0.0008606851592732041,0.9965991108175069,ElasticNet,f9af9b57,20260223_205024,0.95,0.2,0.99745979597678,0.0008606851592732041,0.0008234703623213871,0.0008560485016252122
TCGA-D8-A27M-01,Basal,0.9859920333621885,0.012262702717579718,0.9737293306446089,ElasticNet,f9af9b57,20260223_205024,0.95,0.2,0.9859920333621885,0.001081244646232371,0.012262702717579718,0.0006640192739994388
TCGA-A7-A0DC-11,LumA,0.9996079890741363,0.0003196111773819406,0.9992883778967543,ElasticNet,f9af9b57,20260223_205024,0.95,0.2,0.0003196111773819406,5.8237792120746144e-05,0.9996079890741363,1.4161956360945742e-05
TCGA-EW-A6SA-01,LumB,0.9933627206936746,0.0031268176903013244,0.9902359030033733,ElasticNet,f9af9b57,20260223_205024,0.95,0.2,0.0015478983626689112,0.0031268176903013244,0.001962563253355158,0.9933627206936746
TCGA-B6-A0IB-01,LumB,0.9625567188335612,0.035830668929951084,0.9267260499036101,ElasticNet,f9af9b57,20260223_205024,0.95,0.2,0.0002979042612326191,0.035830668929951084,0.0013147079752550098,0.9625567188335612
TCGA-C8-A1HI-01,LumA,0.9848753161882616,0.007593369334304929,0.9772819468539568,ElasticNet,f9af9b57,20260223_205024,0.95,0.2,0.004247385676605648,0.003283928800827841,0.9848753161882616,0.007593369334304929
TCGA-BH-A18S-11,LumA,0.9990706881521093,0.0008637578954394054,0.99820693025667,ElasticNet,f9af9b57,20260223_205024,0.95,0.2,0.0008637578954394054,6.412351498719473e-05,0.9990706881521093,1.4304374639490567e-06
TCGA-B6-A0RT-01,Basal,0.9503627517858695,0.024051546742227443,0.9263112050436421,ElasticNet,f9af9b57,20260223_205024,0.95,0.2,0.9503627517858695,0.024051546742227443,0.023314066009700665,0.002271635462202402
TCGA-E9-A1RI-01,LumA,0.9588540498996333,0.027495735695117495,0.9313583142045158,ElasticNet,f9af9b57,20260223_205024,0.95,0.2,0.00267110210343503,0.010979112301814075,0.9588540498996333,0.027495735695117495
TCGA-AR-A251-01,Basal,0.9955111204194912,0.002247279126395232,0.993263841293096,ElasticNet,f9af9b57,20260223_205024,0.95,0.2,0.9955111204194912,0.002090401560029619,0.002247279126395232,0.00015119889408391767
TCGA-AC-A2QI-01,LumA,0.9747083334716112,0.0178424087565129,0.9568659247150983,ElasticNet,f9af9b57,20260223_205024,0.95,0.2,0.00042964688072858587,0.007019610891147275,0.9747083334716112,0.0178424087565129
TCGA-B6-A0X4-01,LumA,0.9831117532589351,0.010857669760465162,0.9722540834984699,ElasticNet,f9af9b57,20260223_205024,0.95,0.2,0.0012991982784979358,0.010857669760465162,0.9831117532589351,0.004731378702101734
TCGA-E9-A22H-01,LumB,0.9856111730897533,0.008555944623817969,0.9770552284659354,ElasticNet,f9af9b57,20260223_205024,0.95,0.2,0.00060077764816792,0.005232104638260768,0.008555944623817969,0.9856111730897533
TCGA-BH-A0DE-01,LumA,0.9833193539196887,0.007452331912427034,0.9758670220072617,ElasticNet,f9af9b57,20260223_205024,0.95,0.2,0.007452331912427034,0.002530482379449706,0.9833193539196887,0.006697831788434334
TCGA-OL-A5RW-01,Basal,0.9945714244842592,0.003551887938815517,0.9910195365454436,ElasticNet,f9af9b57,20260223_205024,0.95,0.2,0.9945714244842592,0.0018254880871671506,0.003551887938815517,5.119948975812667e-05
TCGA-AO-A03O-01,LumB,0.950607467858602,0.04047171131778914,0.9101357565408128,ElasticNet,f9af9b57,20260223_205024,0.95,0.2,0.0021736688524410432,0.04047171131778914,0.006747151971167795,0.950607467858602
TCGA-E2-A153-11,LumA,0.9981240982512655,0.001696845099691632,0.9964272531515739,ElasticNet,f9af9b57,20260223_205024,0.95,0.2,0.001696845099691632,0.00017537082656225397,0.9981240982512655,3.685822480664231e-06
TCGA-E2-A56Z-01,LumB,0.9616502740299765,0.03040450436635041,0.931245769663626,ElasticNet,f9af9b57,20260223_205024,0.95,0.2,0.0027772719897890125,0.005167949613884128,0.03040450436635041,0.9616502740299765
TCGA-AC-A2FF-01,LumA,0.9625891854442453,0.0169361977162085,0.9456529877280369,ElasticNet,f9af9b57,20260223_205024,0.95,0.2,0.0169361977162085,0.01273419826418058,0.9625891854442453,0.007740418575365466
TCGA-BH-A0H3-01,LumA,0.9947627181019812,0.0019159777753480693,0.9928467403266332,ElasticNet,f9af9b57,20260223_205024,0.95,0.2,0.0016719729445044415,0.0019159777753480693,0.9947627181019812,0.0016493311781662842
TCGA-BH-A1FE-11,LumA,0.9978325745193996,0.00212077676556984,0.9957117977538297,ElasticNet,f9af9b57,20260223_205024,0.95,0.2,0.00212077676556984,4.496952893263173e-05,0.9978325745193996,1.6791860978554006e-06
TCGA-BH-A28Q-01,LumA,0.978941773332447,0.015035055131708221,0.9639067182007388,ElasticNet,f9af9b57,20260223_205024,0.95,0.2,0.0007803619397917441,0.005242809596053092,0.978941773332447,0.015035055131708221
TCGA-B6-A1KF-01,Basal,0.9928512486369836,0.003536034683021531,0.989315213953962,ElasticNet,f9af9b57,20260223_205024,0.95,0.2,0.9928512486369836,0.002470057200723867,0.003536034683021531,0.0011426594792710678
TCGA-BH-A0BC-11,LumA,0.9908528945338005,0.008978116721163403,0.9818747778126371,ElasticNet,f9af9b57,20260223_205024,0.95,0.2,0.008978116721163403,0.00014257407615857814,0.9908528945338005,2.6414668877343193e-05
TCGA-AC-A62V-01,LumB,0.9637503475256672,0.02902959166253291,0.9347207558631343,ElasticNet,f9af9b57,20260223_205024,0.95,0.2,0.004518861460867501,0.02902959166253291,0.0027011993509324646,0.9637503475256672
TCGA-E2-A1LK-01,Basal,0.9954447402259768,0.0025502600770143232,0.9928944801489625,ElasticNet,f9af9b57,20260223_205024,0.95,0.2,0.9954447402259768,0.0017206404516104156,0.0025502600770143232,0.00028435924539826766
TCGA-GI-A2C8-01,LumA,0.9986043335519984,0.0007470501879243914,0.997857283364074,ElasticNet,f9af9b57,20260223_205024,0.95,0.2,0.00010398867275128297,0.0007470501879243914,0.9986043335519984,0.00054462758732606
TCGA-BH-A0EA-01,LumA,0.9995563529828383,0.000270223139706738,0.9992861298431316,ElasticNet,f9af9b57,20260223_205024,0.95,0.2,0.00014365417484067477,0.000270223139706738,0.9995563529828383,2.9769702614284773e-05
TCGA-BH-A1FR-11,LumA,0.9951296557544128,0.00473002026846789,0.9903996354859449,ElasticNet,f9af9b57,20260223_205024,0.95,0.2,0.00473002026846789,0.00010764235946440014,0.9951296557544128,3.268161765502876e-05
TCGA-A8-A06O-01,LumB,0.9652733435244505,0.020108209378783763,0.9451651341456667,ElasticNet,f9af9b57,20260223_205024,0.95,0.2,0.003118779885440936,0.011499667211324942,0.020108209378783763,0.9652733435244505
TCGA-A7-A13D-01,Basal,0.9958004753735186,0.002032726668829246,0.9937677487046893,ElasticNet,f9af9b57,20260223_205024,0.95,0.2,0.9958004753735186,0.002032726668829246,0.001408635207987201,0.0007581627496649265
TCGA-D8-A1XQ-01,Basal,0.9794283514310949,0.009877210317001431,0.9695511411140935,ElasticNet,f9af9b57,20260223_205024,0.95,0.2,0.9794283514310949,0.009877210317001431,0.008933509131218159,0.0017609291206856024
TCGA-A2-A0YE-01,Basal,0.9801613859402186,0.016319954999292834,0.9638414309409258,ElasticNet,f9af9b57,20260223_205024,0.95,0.2,0.9801613859402186,0.016319954999292834,0.0014848629502388431,0.0020337961102496987
TCGA-A2-A0CW-01,LumB,0.9628513708010421,0.03371289526202529,0.9291384755390169,ElasticNet,f9af9b57,20260223_205024,0.95,0.2,0.00203225189446805,0.03371289526202529,0.0014034820424646528,0.9628513708010421
TCGA-E2-A1LB-11,LumA,0.9844511120336167,0.015376566115129376,0.9690745459184873,ElasticNet,f9af9b57,20260223_205024,0.95,0.2,0.015376566115129376,0.0001598655286355891,0.9844511120336167,1.2456322618522082e-05
TCGA-C8-A27B-01,Basal,0.9848428297451779,0.013270353138740098,0.9715724766064378,ElasticNet,f9af9b57,20260223_205024,0.95,0.2,0.9848428297451779,0.0013850940745292644,0.0005017230415526566,0.013270353138740098
TCGA-D8-A143-01,Her2,0.9509835001047509,0.04801410721739038,0.9029693928873604,ElasticNet,f9af9b57,20260223_205024,0.95,0.2,0.04801410721739038,0.9509835001047509,0.00024635711435059486,0.0007560355635080808
TCGA-BH-A1EW-11,LumA,0.9965968587748395,0.002748571021708393,0.993848287753131,ElasticNet,f9af9b57,20260223_205024,0.95,0.2,0.002748571021708393,0.00027125906185946795,0.9965968587748395,0.0003833111415926847
TCGA-BH-A208-11,LumA,0.9997978587427099,0.00019957417707247284,0.9995982845656374,ElasticNet,f9af9b57,20260223_205024,0.95,0.2,0.00019957417707247284,2.398322116982009e-06,0.9997978587427099,1.687581004970152e-07
TCGA-E9-A1RH-11,LumA,0.9990323176052068,0.0008312000892497195,0.9982011175159571,ElasticNet,f9af9b57,20260223_205024,0.95,0.2,0.0008312000892497195,0.0001255162533228157,0.9990323176052068,1.0966052220652586e-05
TCGA-A8-A07O-01,Basal,0.9981479141251305,0.0009635129817147947,0.9971844011434157,ElasticNet,f9af9b57,20260223_205024,0.95,0.2,0.9981479141251305,0.0009635129817147947,0.0003184711630142397,0.0005701017301406235
TCGA-BH-A0BS-11,LumA,0.9987371552222262,0.0012325755877785065,0.9975045796344476,ElasticNet,f9af9b57,20260223_205024,0.95,0.2,0.0012325755877785065,2.9190975505585642e-05,0.9987371552222262,1.0782144896900649e-06
TCGA-E2-A10A-01,LumB,0.9746251076072378,0.016098652007359805,0.9585264555998779,ElasticNet,f9af9b57,20260223_205024,0.95,0.2,0.0015780607481847805,0.016098652007359805,0.00769817963721781,0.9746251076072378
TCGA-A7-A6VW-01,Basal,0.9957731471507781,0.002795622437929631,0.9929775247128485,ElasticNet,f9af9b57,20260223_205024,0.95,0.2,0.9957731471507781,0.002795622437929631,0.0008151234508623611,0.000616106960429825
TCGA-C8-A26Y-01,Her2,0.9803055994009076,0.014551246160233572,0.9657543532406739,ElasticNet,f9af9b57,20260223_205024,0.95,0.2,0.014551246160233572,0.9803055994009076,0.0010021491333360786,0.004141005305522851
TCGA-BH-A1FN-11,LumA,0.9790846019268261,0.02028162944791568,0.9588029724789104,ElasticNet,f9af9b57,20260223_205024,0.95,0.2,0.02028162944791568,0.000585240536123738,0.9790846019268261,4.8528089134578326e-05
TCGA-D8-A27K-01,LumA,0.9673008117563587,0.016862999341512506,0.9504378124148463,ElasticNet,f9af9b57,20260223_205024,0.95,0.2,0.004519747267386178,0.01131644163474264,0.9673008117563587,0.016862999341512506
TCGA-E2-A14X-01,Basal,0.9875085868194254,0.012211589623782708,0.9752969971956428,ElasticNet,f9af9b57,20260223_205024,0.95,0.2,0.9875085868194254,0.00026224054797338293,0.012211589623782708,1.758300881865679e-05
TCGA-A2-A1G1-01,Basal,0.9549545025695962,0.02590712009702164,0.9290473824725746,ElasticNet,f9af9b57,20260223_205024,0.95,0.2,0.9549545025695962,0.02590712009702164,0.01737939371235718,0.0017589836210249704
TCGA-A7-A26I-01,Basal,0.98839900883779,0.007940196490493276,0.9804588123472967,ElasticNet,f9af9b57,20260223_205024,0.95,0.2,0.98839900883779,0.0028704878302269515,0.007940196490493276,0.0007903068414898178
TCGA-BH-A0HK-11,LumA,0.9997670851012155,0.0002132020866664374,0.9995538830145491,ElasticNet,f9af9b57,20260223_205024,0.95,0.2,0.0002132020866664374,1.7760351566266156e-05,0.9997670851012155,1.9524605518306823e-06
TCGA-A7-A0DA-01,Basal,0.9963155489166758,0.0023917332947676227,0.9939238156219082,ElasticNet,f9af9b57,20260223_205024,0.95,0.2,0.9963155489166758,0.0010972870681824223,0.0023917332947676227,0.00019543072037414656
TCGA-E2-A1LG-01,Basal,0.9739803509384831,0.017041659779416147,0.9569386911590669,ElasticNet,f9af9b57,20260223_205024,0.95,0.2,0.9739803509384831,0.017041659779416147,0.006652345977621365,0.0023256433044793853
TCGA-A8-A081-01,LumB,0.971837623427873,0.02237882600976861,0.9494587974181045,ElasticNet,f9af9b57,20260223_205024,0.95,0.2,0.0007447135116075956,0.02237882600976861,0.005038837050750771,0.971837623427873
TCGA-A8-A0A6-01,LumA,0.9889941184193909,0.005416675591834315,0.9835774428275565,ElasticNet,f9af9b57,20260223_205024,0.95,0.2,0.0018317302079614343,0.005416675591834315,0.9889941184193909,0.003757475780813468
TCGA-B6-A1KC-01,LumB,0.9771210397209205,0.015382459157324925,0.9617385805635955,ElasticNet,f9af9b57,20260223_205024,0.95,0.2,0.0006647799746099032,0.006831721147144787,0.015382459157324925,0.9771210397209205
TCGA-OL-A6VQ-01,LumA,0.988624713754571,0.0072486518062858715,0.9813760619482851,ElasticNet,f9af9b57,20260223_205024,0.95,0.2,0.0010459212206079323,0.0030807132185354216,0.988624713754571,0.0072486518062858715
TCGA-BH-A0AZ-11,LumA,0.999915180844367,7.859054503272582e-05,0.9998365902993344,ElasticNet,f9af9b57,20260223_205024,0.95,0.2,7.859054503272582e-05,5.665830842670771e-06,0.999915180844367,5.627797577101267e-07
TCGA-LL-A442-01,LumB,0.9577069142993083,0.04044668810725052,0.9172602261920578,ElasticNet,f9af9b57,20260223_205024,0.95,0.2,0.0007461407431901726,0.0011002568502509287,0.04044668810725052,0.9577069142993083
TCGA-BH-A0DO-11,LumA,0.9992420554186713,0.0007503286094084397,0.9984917268092628,ElasticNet,f9af9b57,20260223_205024,0.95,0.2,0.0007503286094084397,6.701679669862378e-06,0.9992420554186713,9.142922504984789e-07
TCGA-EW-A6SD-01,Her2,0.980653240625775,0.011125966414177884,0.9695272742115971,ElasticNet,f9af9b57,20260223_205024,0.95,0.2,0.004039099324083903,0.980653240625775,0.004181693635963036,0.011125966414177884
TCGA-A1-A0SP-01,Basal,0.985924001848375,0.008110789507813536,0.9778132123405615,ElasticNet,f9af9b57,20260223_205024,0.95,0.2,0.985924001848375,0.008110789507813536,0.005522017517680218,0.000443191126131323
TCGA-E2-A15P-01,LumA,0.986979176037073,0.011142740461504081,0.9758364355755689,ElasticNet,f9af9b57,20260223_205024,0.95,0.2,0.0008420336410761731,0.0010360498603467605,0.986979176037073,0.011142740461504081
TCGA-OL-A66I-01,Basal,0.9959352620574979,0.0035709277382011085,0.9923643343192968,ElasticNet,f9af9b57,20260223_205024,0.95,0.2,0.9959352620574979,0.0035709277382011085,0.00027520890307647844,0.00021860130122442072
TCGA-AR-A24Q-01,Basal,0.9839217613966439,0.007064860044718695,0.9768569013519252,ElasticNet,f9af9b57,20260223_205024,0.95,0.2,0.9839217613966439,0.007064860044718695,0.006167249477438757,0.002846129081198604
TCGA-E2-A1B4-01,LumA,0.9929122041873851,0.0046132089219880126,0.9882989952653971,ElasticNet,f9af9b57,20260223_205024,0.95,0.2,0.0005903203833452916,0.0018842665072816651,0.9929122041873851,0.0046132089219880126
TCGA-D8-A147-01,Basal,0.998686975727064,0.0006348010622108699,0.9980521746648531,ElasticNet,f9af9b57,20260223_205024,0.95,0.2,0.998686975727064,0.0006348010622108699,0.00041442279785670563,0.0002638004128682788
TCGA-BH-A0BA-11,LumA,0.9972260740806788,0.0025512630549254928,0.9946748110257533,ElasticNet,f9af9b57,20260223_205024,0.95,0.2,0.0025512630549254928,0.00020566646017139713,0.9972260740806788,1.6996404224390134e-05
TCGA-OL-A66L-01,LumA,0.9788422749931952,0.01108833618173155,0.9677539388114637,ElasticNet,f9af9b57,20260223_205024,0.95,0.2,0.005822646000484615,0.004246742824588676,0.9788422749931952,0.01108833618173155
TCGA-D8-A27V-01,LumA,0.9983916168032663,0.0007136865877754636,0.9976779302154908,ElasticNet,f9af9b57,20260223_205024,0.95,0.2,0.0007136865877754636,0.0005754771975858954,0.9983916168032663,0.00031921941137224587
TCGA-A2-A3XS-01,Basal,0.9838161672443486,0.010331599387512623,0.973484567856836,ElasticNet,f9af9b57,20260223_205024,0.95,0.2,0.9838161672443486,0.005669365917161866,0.010331599387512623,0.00018286745097677784
TCGA-BH-A0E1-11,LumA,0.9997766248793988,0.00021898824724493932,0.9995576366321538,ElasticNet,f9af9b57,20260223_205024,0.95,0.2,0.00021898824724493932,4.247650265326901e-06,0.9997766248793988,1.392230908264731e-07
TCGA-BH-A1EN-11,LumA,0.9987007414217184,0.0012070648131150038,0.9974936766086033,ElasticNet,f9af9b57,20260223_205024,0.95,0.2,0.0012070648131150038,8.455311419250337e-05,0.9987007414217184,7.64065097403257e-06
TCGA-A7-A0CJ-01,LumB,0.9700546078129146,0.019369864178736117,0.9506847436341785,ElasticNet,f9af9b57,20260223_205024,0.95,0.2,0.0024431184717082733,0.019369864178736117,0.008132409536641077,0.9700546078129146
TCGA-E2-A158-11,LumA,0.975426237967617,0.023750358490109466,0.9516758794775075,ElasticNet,f9af9b57,20260223_205024,0.95,0.2,0.023750358490109466,0.0006156634401380969,0.975426237967617,0.00020774010213547078
TCGA-A2-A04V-01,LumB,0.9700819183377556,0.018985447537474272,0.9510964708002814,ElasticNet,f9af9b57,20260223_205024,0.95,0.2,0.001120639989152125,0.018985447537474272,0.009811994135618136,0.9700819183377556
TCGA-EW-A3U0-01,Basal,0.9896641073508013,0.00742475060709085,0.9822393567437105,ElasticNet,f9af9b57,20260223_205024,0.95,0.2,0.9896641073508013,0.0024114267149541392,0.00742475060709085,0.0004997153271534701
TCGA-E9-A228-01,LumB,0.9554758459444039,0.038975462342509634,0.9165003836018943,ElasticNet,f9af9b57,20260223_205024,0.95,0.2,0.0026405560101160196,0.038975462342509634,0.002908135702970464,0.9554758459444039
TCGA-AO-A12C-01,LumA,0.9689493328760364,0.02126098585671259,0.9476883470193238,ElasticNet,f9af9b57,20260223_205024,0.95,0.2,0.0031563206986009373,0.006633360568650171,0.9689493328760364,0.02126098585671259
TCGA-E2-A150-01,Basal,0.9770879523123983,0.01732461864623225,0.9597633336661661,ElasticNet,f9af9b57,20260223_205024,0.95,0.2,0.9770879523123983,0.005391140128478815,0.01732461864623225,0.00019628891289078437
TCGA-BH-A0BO-01,LumA,0.9989908348101036,0.0005293381656307043,0.9984614966444729,ElasticNet,f9af9b57,20260223_205024,0.95,0.2,0.0005293381656307043,0.0003040787036747095,0.9989908348101036,0.0001757483205908668
TCGA-E2-A576-01,LumB,0.9634675782862825,0.0242186021921507,0.9392489760941318,ElasticNet,f9af9b57,20260223_205024,0.95,0.2,0.008441028067309127,0.003872791454257618,0.0242186021921507,0.9634675782862825
TCGA-A2-A1G4-01,LumB,0.9760175684282516,0.013115840137411893,0.9629017282908398,ElasticNet,f9af9b57,20260223_205024,0.95,0.2,0.0007834470551885596,0.010083144379147903,0.013115840137411893,0.9760175684282516
TCGA-HN-A2NL-01,Basal,0.9918793453500813,0.007259978117522594,0.9846193672325587,ElasticNet,f9af9b57,20260223_205024,0.95,0.2,0.9918793453500813,0.007259978117522594,0.00034668384115816236,0.0005139926912381123
TCGA-E2-A15M-11,LumA,0.9999304652497588,6.131737209501853e-05,0.9998691478776638,ElasticNet,f9af9b57,20260223_205024,0.95,0.2,6.131737209501853e-05,7.145699107275148e-06,0.9999304652497588,1.0716790389431179e-06
TCGA-BH-A0C3-11,LumA,0.9990723223637297,0.0009165745726153353,0.9981557477911144,ElasticNet,f9af9b57,20260223_205024,0.95,0.2,0.0009165745726153353,1.0203532222464946e-05,0.9990723223637297,8.995314324291008e-07
TCGA-E9-A1N9-11,LumA,0.9981591481065187,0.0014653219891385212,0.9966938261173802,ElasticNet,f9af9b57,20260223_205024,0.95,0.2,0.0014653219891385212,0.000361658983053936,0.9981591481065187,1.3870921288861105e-05
TCGA-B6-A400-01,Basal,0.9948157065320151,0.004005876306876459,0.9908098302251387,ElasticNet,f9af9b57,20260223_205024,0.95,0.2,0.9948157065320151,0.004005876306876459,0.0008795420180556533,0.00029887514305278743
TCGA-E2-A3DX-01,LumA,0.983391041545001,0.010196399058569554,0.9731946424864315,ElasticNet,f9af9b57,20260223_205024,0.95,0.2,0.004134934256453809,0.0022776251399757555,0.983391041545001,0.010196399058569554
TCGA-A7-A6VV-01,Basal,0.9961384450635785,0.0021956775999630875,0.9939427674636154,ElasticNet,f9af9b57,20260223_205024,0.95,0.2,0.9961384450635785,0.0013429171080858522,0.0021956775999630875,0.00032296022837242493
TCGA-BH-A1F8-01,LumB,0.9831788153910431,0.009468850559008752,0.9737099648320344,ElasticNet,f9af9b57,20260223_205024,0.95,0.2,0.0013763565120731413,0.009468850559008752,0.005975977537875023,0.9831788153910431
TCGA-A2-A0CV-01,LumA,0.9997939705870412,0.00012206158544760647,0.9996719090015936,ElasticNet,f9af9b57,20260223_205024,0.95,0.2,7.583423128592764e-05,0.00012206158544760647,0.9997939705870412,8.133596225209456e-06
TCGA-OL-A5RZ-01,Her2,0.9539856206203211,0.03609279145904308,0.917892829161278,ElasticNet,f9af9b57,20260223_205024,0.95,0.2,0.002996150264382704,0.9539856206203211,0.006925437656253248,0.03609279145904308
TCGA-AR-A0TU-01,Basal,0.9964655347565227,0.00261833109949752,0.9938472036570252,ElasticNet,f9af9b57,20260223_205024,0.95,0.2,0.9964655347565227,0.0007750794624528969,0.0001410546815268811,0.00261833109949752
TCGA-E2-A15K-01,LumB,0.9625644405777058,0.033273389462347334,0.9292910511153585,ElasticNet,f9af9b57,20260223_205024,0.95,0.2,0.0008325595924278662,0.033273389462347334,0.003329610367519012,0.9625644405777058
TCGA-GI-A2C8-11,LumA,0.9898594375835895,0.007234247327305317,0.9826251902562843,ElasticNet,f9af9b57,20260223_205024,0.95,0.2,0.007234247327305317,0.002871712507889434,0.9898594375835895,3.460258121565188e-05
TCGA-AR-A1AR-01,Basal,0.9621342121314083,0.02684596547076277,0.9352882466606455,ElasticNet,f9af9b57,20260223_205024,0.95,0.2,0.9621342121314083,0.009021359440221456,0.02684596547076277,0.001998462957607423
TCGA-E2-A1B6-01,Basal,0.9952288592936441,0.002132754271943338,0.9930961050217008,ElasticNet,f9af9b57,20260223_205024,0.95,0.2,0.9952288592936441,0.002132754271943338,0.0016446050970306731,0.0009937813373817387
TCGA-C8-A12P-01,Her2,0.9946921454115311,0.002080654212142805,0.9926114911993883,ElasticNet,f9af9b57,20260223_205024,0.95,0.2,0.001447212572288136,0.9946921454115311,0.002080654212142805,0.001779987804037816
TCGA-C8-A12X-01,LumB,0.9506933219687729,0.04122982817467059,0.9094634937941023,ElasticNet,f9af9b57,20260223_205024,0.95,0.2,0.0011871473783677954,0.006889702478188821,0.04122982817467059,0.9506933219687729
TCGA-BH-A0DP-11,LumA,0.9999798159404837,1.8793652779508214e-05,0.9999610222877042,ElasticNet,f9af9b57,20260223_205024,0.95,0.2,1.8793652779508214e-05,1.2399978410891349e-06,0.9999798159404837,1.5040889565436146e-07
TCGA-GI-A2C9-01,Basal,0.9920913049335697,0.005371953947066364,0.9867193509865033,ElasticNet,f9af9b57,20260223_205024,0.95,0.2,0.9920913049335697,0.0022412835571883304,0.005371953947066364,0.00029545756217573657
TCGA-E2-A158-01,Basal,0.9930098757417831,0.0033183906439687274,0.9896914850978143,ElasticNet,f9af9b57,20260223_205024,0.95,0.2,0.9930098757417831,0.0006134853699473403,0.0033183906439687274,0.0030582482443007723
TCGA-BH-A0DD-01,LumB,0.9872415097679528,0.011289944007857886,0.9759515657600949,ElasticNet,f9af9b57,20260223_205024,0.95,0.2,0.001020529535755948,0.011289944007857886,0.00044801668843337484,0.9872415097679528
TCGA-A2-A259-01,LumA,0.98505646911336,0.007596947046347519,0.9774595220670125,ElasticNet,f9af9b57,20260223_205024,0.95,0.2,0.002054596691327281,0.005291987148965264,0.98505646911336,0.007596947046347519
TCGA-BH-A0BV-11,LumA,0.9969079835194745,0.002968304450135219,0.9939396790693393,ElasticNet,f9af9b57,20260223_205024,0.95,0.2,0.002968304450135219,0.00010950547084509633,0.9969079835194745,1.4206559545228501e-05
TCGA-A8-A07R-01,Basal,0.9898275813346372,0.006757577237847778,0.9830700040967895,ElasticNet,f9af9b57,20260223_205024,0.95,0.2,0.9898275813346372,0.006757577237847778,0.0023415760010646533,0.0010732654264504786
TCGA-A2-A0D1-01,Her2,0.9865580378698394,0.013010059233714342,0.9735479786361251,ElasticNet,f9af9b57,20260223_205024,0.95,0.2,0.00027122585951870365,0.9865580378698394,0.00016067703692762125,0.013010059233714342
TCGA-A7-A13F-11,LumA,0.9981686479675513,0.0017965621770165252,0.9963720857905348,ElasticNet,f9af9b57,20260223_205024,0.95,0.2,0.0017965621770165252,3.3842716043842735e-05,0.9981686479675513,9.471393883268831e-07
TCGA-BH-A0BJ-01,LumA,0.9663429389700973,0.025155268090607082,0.9411876708794902,ElasticNet,f9af9b57,20260223_205024,0.95,0.2,0.0026141318417507655,0.005887661097544929,0.9663429389700973,0.025155268090607082
TCGA-BH-A0HQ-01,LumA,0.9911647178328585,0.004393201259322136,0.9867715165735363,ElasticNet,f9af9b57,20260223_205024,0.95,0.2,0.000964203275730986,0.0034778776320883026,0.9911647178328585,0.004393201259322136
TCGA-AC-A3YI-01,LumA,0.9949443382796391,0.003726325764417686,0.9912180125152215,ElasticNet,f9af9b57,20260223_205024,0.95,0.2,0.003726325764417686,0.0012429504469861135,0.9949443382796391,8.638550895704295e-05
TCGA-AO-A0JL-01,Basal,0.9991870448530988,0.0006355792821046273,0.9985514655709942,ElasticNet,f9af9b57,20260223_205024,0.95,0.2,0.9991870448530988,0.00013688951303900135,0.0006355792821046273,4.048635175738236e-05
TCGA-BH-A1F8-11,LumA,0.9878641526324978,0.011911322053189469,0.9759528305793084,ElasticNet,f9af9b57,20260223_205024,0.95,0.2,0.011911322053189469,0.00019983403268001833,0.9878641526324978,2.469128163280736e-05
TCGA-BH-A0AV-01,Basal,0.9938128806835889,0.005212840846719771,0.9886000398368691,ElasticNet,f9af9b57,20260223_205024,0.95,0.2,0.9938128806835889,0.005212840846719771,0.0004672106086569795,0.0005070678610345184
TCGA-AC-A2FO-01,LumA,0.9844997182391865,0.011490892418233336,0.9730088258209532,ElasticNet,f9af9b57,20260223_205024,0.95,0.2,0.0026251895611900406,0.0013841997813900976,0.9844997182391865,0.011490892418233336
TCGA-AR-A2LN-01,LumA,0.9996065833904082,0.00016256050779693554,0.9994440228826112,ElasticNet,f9af9b57,20260223_205024,0.95,0.2,0.00016256050779693554,7.862181890518703e-05,0.9996065833904082,0.00015223428288961604
TCGA-BH-A18J-11,LumA,0.9973437135472485,0.002504586740336017,0.9948391268069124,ElasticNet,f9af9b57,20260223_205024,0.95,0.2,0.002504586740336017,0.00013989839568534417,0.9973437135472485,1.1801316730025192e-05
TCGA-A8-A07L-01,LumB,0.9561391609777165,0.035441623130684725,0.9206975378470317,ElasticNet,f9af9b57,20260223_205024,0.95,0.2,0.005819272658137597,0.035441623130684725,0.0025999432334611887,0.9561391609777165
TCGA-A7-A4SE-01,Basal,0.9733134252053474,0.021437214381481526,0.9518762108238659,ElasticNet,f9af9b57,20260223_205024,0.95,0.2,0.9733134252053474,0.021437214381481526,0.0015326766392212037,0.0037166837739498093
TCGA-E2-A155-01,LumB,0.9977781532952523,0.001501765411049616,0.9962763878842027,ElasticNet,f9af9b57,20260223_205024,0.95,0.2,0.00020913437521424857,0.001501765411049616,0.0005109469184838593,0.9977781532952523
TCGA-EW-A1PB-01,Basal,0.9824226783414631,0.007585847546182267,0.9748368307952808,ElasticNet,f9af9b57,20260223_205024,0.95,0.2,0.9824226783414631,0.007049030760420763,0.007585847546182267,0.002942443351933735
TCGA-AN-A0FJ-01,Basal,0.9633341475571672,0.0318622028664719,0.9314719446906953,ElasticNet,f9af9b57,20260223_205024,0.95,0.2,0.9633341475571672,0.0318622028664719,0.003431425271964361,0.0013722243043965197
TCGA-AN-A04D-01,Basal,0.9834282830967852,0.009785290359211924,0.9736429927375733,ElasticNet,f9af9b57,20260223_205024,0.95,0.2,0.9834282830967852,0.009785290359211924,0.0008482956719612303,0.0059381308720417025
TCGA-A8-A08F-01,LumB,0.9643462018509199,0.03229051434863205,0.9320556875022878,ElasticNet,f9af9b57,20260223_205024,0.95,0.2,0.002252368695839537,0.03229051434863205,0.0011109151046085285,0.9643462018509199
TCGA-BH-A0B3-01,Basal,0.9786428389553725,0.013500472432674236,0.9651423665226982,ElasticNet,f9af9b57,20260223_205024,0.95,0.2,0.9786428389553725,0.007341429864947373,0.0005152587470061443,0.013500472432674236
TCGA-BH-A1FJ-11,LumA,0.9996884964926139,0.0002972144963855799,0.9993912819962284,ElasticNet,f9af9b57,20260223_205024,0.95,0.2,0.0002972144963855799,1.3655963687576249e-05,0.9996884964926139,6.330473127788614e-07
TCGA-AQ-A04J-01,Basal,0.986447637786881,0.008990762761661598,0.9774568750252195,ElasticNet,f9af9b57,20260223_205024,0.95,0.2,0.986447637786881,0.004466998454610331,0.008990762761661598,9.460099684695812e-05
TCGA-C8-A1HM-01,LumB,0.9647828338360817,0.029778422932825847,0.9350044109032558,ElasticNet,f9af9b57,20260223_205024,0.95,0.2,0.002255847824674415,0.029778422932825847,0.0031828954064180904,0.9647828338360817
TCGA-A2-A3XX-01,Basal,0.9964354119997029,0.002085765099281082,0.9943496469004218,ElasticNet,f9af9b57,20260223_205024,0.95,0.2,0.9964354119997029,0.0013759793162525164,0.002085765099281082,0.00010284358476347991
TCGA-BH-A203-11,LumA,0.9984392825598397,0.0015274431661760172,0.9969118393936637,ElasticNet,f9af9b57,20260223_205024,0.95,0.2,0.0015274431661760172,3.097714484425011e-05,0.9984392825598397,2.2971291400603886e-06
TCGA-A2-A0YM-01,Basal,0.9985981586150483,0.0006756126489775246,0.9979225459660708,ElasticNet,f9af9b57,20260223_205024,0.95,0.2,0.9985981586150483,0.0006756126489775246,0.00040640761814963154,0.0003198211178248075
TCGA-D8-A27F-01,Basal,0.9994351628635367,0.00037431915265138504,0.9990608437108853,ElasticNet,f9af9b57,20260223_205024,0.95,0.2,0.9994351628635367,0.00037431915265138504,9.317454770654036e-05,9.734343610503512e-05
TCGA-LL-A5YP-01,Basal,0.9947696646746385,0.0028211567606579676,0.9919485079139805,ElasticNet,f9af9b57,20260223_205024,0.95,0.2,0.9947696646746385,0.0028211567606579676,0.00224497213140599,0.00016420643329738643
TCGA-AN-A04C-01,Her2,0.9892540683707203,0.0062510353045682285,0.983003033066152,ElasticNet,f9af9b57,20260223_205024,0.95,0.2,0.0062510353045682285,0.9892540683707203,0.002355091922677423,0.002139804402034186
TCGA-AC-A2FK-01,LumA,0.9997653283589606,0.0002134221805971554,0.9995519061783634,ElasticNet,f9af9b57,20260223_205024,0.95,0.2,0.0002134221805971554,2.1014887252919368e-05,0.9997653283589606,2.3457318925104695e-07
TCGA-A2-A0D3-01,LumA,0.9964967731430571,0.0020304682643617687,0.9944663048786953,ElasticNet,f9af9b57,20260223_205024,0.95,0.2,0.00022849264918345106,0.0020304682643617687,0.9964967731430571,0.0012442659433977484
TCGA-E2-A152-01,Her2,0.9717105771311906,0.018949984126715634,0.9527605930044749,ElasticNet,f9af9b57,20260223_205024,0.95,0.2,0.0006950424390892826,0.9717105771311906,0.018949984126715634,0.008644396303004525
TCGA-BH-A1EU-01,LumA,0.9906776211283526,0.006778505569898357,0.9838991155584542,ElasticNet,f9af9b57,20260223_205024,0.95,0.2,0.0014797070512321355,0.0010641662505171032,0.9906776211283526,0.006778505569898357
TCGA-E2-A1L7-11,LumA,0.9972827528155824,0.0026344595961862428,0.9946482932193962,ElasticNet,f9af9b57,20260223_205024,0.95,0.2,0.0026344595961862428,7.764658332936549e-05,0.9972827528155824,5.141004901959386e-06
TCGA-E9-A2JS-01,LumB,0.9630483097425163,0.02112079286845361,0.9419275168740627,ElasticNet,f9af9b57,20260223_205024,0.95,0.2,0.0032342129561273615,0.02112079286845361,0.012596684432902745,0.9630483097425163
TCGA-GM-A5PV-01,LumA,0.9943814888401036,0.0029822823059683923,0.9913992065341352,ElasticNet,f9af9b57,20260223_205024,0.95,0.2,0.0015503123757479639,0.0029822823059683923,0.9943814888401036,0.0010859164781801024
TCGA-BH-A1F6-11,LumA,0.9993528995851314,0.0006116103853686776,0.9987412891997627,ElasticNet,f9af9b57,20260223_205024,0.95,0.2,0.0006116103853686776,3.2530848500933837e-05,0.9993528995851314,2.959180999038914e-06
TCGA-C8-A1HK-01,Her2,0.9675945159348862,0.022694963559494512,0.9448995523753917,ElasticNet,f9af9b57,20260223_205024,0.95,0.2,0.0015775908408163473,0.9675945159348862,0.008132929664802823,0.022694963559494512
TCGA-A2-A25E-01,LumB,0.9876666901197485,0.010083191677902163,0.9775834984418463,ElasticNet,f9af9b57,20260223_205024,0.95,0.2,0.0010848484804562102,0.010083191677902163,0.0011652697218931256,0.9876666901197485
TCGA-BH-A18Q-01,Basal,0.9924521963843755,0.006943654844851079,0.9855085415395245,ElasticNet,f9af9b57,20260223_205024,0.95,0.2,0.9924521963843755,0.0002878799909984244,0.006943654844851079,0.0003162687797749781
TCGA-AC-A23G-01,LumA,0.966616641348056,0.027764396671515403,0.9388522446765406,ElasticNet,f9af9b57,20260223_205024,0.95,0.2,0.027764396671515403,0.0015835872569779327,0.966616641348056,0.004035374723450538
TCGA-EW-A1P8-01,Basal,0.9820922252363943,0.008986084875478367,0.9731061403609159,ElasticNet,f9af9b57,20260223_205024,0.95,0.2,0.9820922252363943,0.008681207980036411,0.008986084875478367,0.0002404819080908256
TCGA-B6-A0I2-01,Basal,0.9627690062572808,0.018439618972036442,0.9443293872852443,ElasticNet,f9af9b57,20260223_205024,0.95,0.2,0.9627690062572808,0.018439618972036442,0.005442904463295789,0.013348470307387091
TCGA-BH-A42U-01,LumA,0.9854963135627216,0.014023709489404323,0.9714726040733173,ElasticNet,f9af9b57,20260223_205024,0.95,0.2,0.014023709489404323,0.00039841522780299175,0.9854963135627216,8.156172007108e-05
TCGA-E2-A1LH-11,LumA,0.9999021067379755,9.23340240880284e-05,0.9998097727138875,ElasticNet,f9af9b57,20260223_205024,0.95,0.2,9.23340240880284e-05,5.339624664329191e-06,0.9999021067379755,2.196132723626622e-07
TCGA-AC-A8OQ-01,Basal,0.9967978617274618,0.0019020221160300935,0.9948958396114317,ElasticNet,f9af9b57,20260223_205024,0.95,0.2,0.9967978617274618,0.0008565965400875505,0.0019020221160300935,0.0004435196164203561
TCGA-A7-A4SF-01,LumB,0.9883066364565719,0.00790237176767881,0.9804042646888931,ElasticNet,f9af9b57,20260223_205024,0.95,0.2,0.0011602196803969834,0.00790237176767881,0.0026307720953524013,0.9883066364565719
TCGA-BH-A0BZ-11,LumA,0.9999161262668563,7.163509395844802e-05,0.9998444911728979,ElasticNet,f9af9b57,20260223_205024,0.95,0.2,7.163509395844802e-05,9.97303131252242e-06,0.9999161262668563,2.2656078726895476e-06
TCGA-E2-A14N-01,Basal,0.9906684313017172,0.00868278409973707,0.9819856472019801,ElasticNet,f9af9b57,20260223_205024,0.95,0.2,0.9906684313017172,0.00868278409973707,0.00036899913758005364,0.00027978546096582525
TCGA-5L-AAT0-01,LumA,0.9865008558956117,0.008299746824485962,0.9782011090711257,ElasticNet,f9af9b57,20260223_205024,0.95,0.2,0.002537498356417472,0.002661898923484836,0.9865008558956117,0.008299746824485962
TCGA-A2-A1G6-01,LumA,0.99983743841583,0.0001528561965584767,0.9996845822192715,ElasticNet,f9af9b57,20260223_205024,0.95,0.2,0.0001528561965584767,8.636664011031022e-06,0.99983743841583,1.0687236004724725e-06
TCGA-A2-A04T-01,Basal,0.9955550818791001,0.003914983771665955,0.9916400981074341,ElasticNet,f9af9b57,20260223_205024,0.95,0.2,0.9955550818791001,0.003914983771665955,0.0005268693076481252,3.065041585735432e-06
TCGA-B6-A0IJ-01,Basal,0.9980689521307858,0.0009390718554012663,0.9971298802753845,ElasticNet,f9af9b57,20260223_205024,0.95,0.2,0.9980689521307858,0.0009390718554012663,0.00010379667162274344,0.0008881793421901006
TCGA-AR-A256-01,Basal,0.9962442559261772,0.0027615824794397074,0.9934826734467375,ElasticNet,f9af9b57,20260223_205024,0.95,0.2,0.9962442559261772,0.0027615824794397074,0.0008096651963989563,0.0001844963979841202
TCGA-A8-A08R-01,Basal,0.9900847292939988,0.007076150452381214,0.9830085788416176,ElasticNet,f9af9b57,20260223_205024,0.95,0.2,0.9900847292939988,0.007076150452381214,0.0010524861611794232,0.0017866340924407049
TCGA-BH-A0AZ-01,LumA,0.9615913049421578,0.030777248557696667,0.9308140563844611,ElasticNet,f9af9b57,20260223_205024,0.95,0.2,0.004494487046336027,0.003136959453809495,0.9615913049421578,0.030777248557696667
TCGA-A2-A0CO-01,LumA,0.998232972815128,0.0008453624857192004,0.9973876103294088,ElasticNet,f9af9b57,20260223_205024,0.95,0.2,0.0008453624857192004,0.00041551433412798084,0.998232972815128,0.000506150365024695
TCGA-D8-A1JE-01,LumB,0.9812550378378899,0.00957727247414936,0.9716777653637405,ElasticNet,f9af9b57,20260223_205024,0.95,0.2,0.0003817799733488309,0.00957727247414936,0.008785909714612046,0.9812550378378899
TCGA-A7-A0D9-11,LumA,0.9939795732031828,0.0037801890807459275,0.9901993841224368,ElasticNet,f9af9b57,20260223_205024,0.95,0.2,0.0020629286846821702,0.0037801890807459275,0.9939795732031828,0.00017730903138903762
TCGA-BH-A0H0-01,LumB,0.9795692687122547,0.017309559313791027,0.9622597093984636,ElasticNet,f9af9b57,20260223_205024,0.95,0.2,0.0005096862263136762,0.017309559313791027,0.0026114857476405963,0.9795692687122547
TCGA-BH-A0DL-11,LumA,0.9969593321027792,0.0029301476233176303,0.9940291844794615,ElasticNet,f9af9b57,20260223_205024,0.95,0.2,0.0029301476233176303,0.0001002209172013538,0.9969593321027792,1.0299356701885203e-05
TCGA-A8-A079-01,LumB,0.9638355689835651,0.03244772698914847,0.9313878419944167,ElasticNet,f9af9b57,20260223_205024,0.95,0.2,0.0020683404728506706,0.03244772698914847,0.0016483635544356369,0.9638355689835651
TCGA-A2-A0T0-01,Basal,0.9788574368127544,0.016607315832135084,0.9622501209806194,ElasticNet,f9af9b57,20260223_205024,0.95,0.2,0.9788574368127544,0.002088983621371278,0.016607315832135084,0.0024462637337391976
TCGA-D8-A27I-01,LumA,0.9867910278366849,0.006501193944152393,0.9802898338925325,ElasticNet,f9af9b57,20260223_205024,0.95,0.2,0.005577034958620777,0.0011307432605417865,0.9867910278366849,0.006501193944152393
TCGA-E2-A15A-01,LumB,0.9816605003276839,0.0107972653273632,0.9708632350003207,ElasticNet,f9af9b57,20260223_205024,0.95,0.2,0.002147779317056758,0.0107972653273632,0.0053944550278960425,0.9816605003276839
TCGA-BH-A0DT-11,LumA,0.9995043717290789,0.0004578640867021257,0.9990465076423768,ElasticNet,f9af9b57,20260223_205024,0.95,0.2,0.0004578640867021257,3.662629268140939e-05,0.9995043717290789,1.1378915375954405e-06
TCGA-Z7-A8R5-01,LumA,0.9871753054717548,0.011677875613957734,0.9754974298577971,ElasticNet,f9af9b57,20260223_205024,0.95,0.2,0.011677875613957734,0.0010870733865574035,0.9871753054717548,5.9745527730022955e-05
TCGA-A8-A07S-01,LumB,0.9634358350703132,0.02422690877119998,0.9392089262991132,ElasticNet,f9af9b57,20260223_205024,0.95,0.2,0.0020745556899689015,0.01026270046851806,0.02422690877119998,0.9634358350703132
TCGA-BH-A0DD-11,LumA,0.9907299165430151,0.004164547068423006,0.9865653694745922,ElasticNet,f9af9b57,20260223_205024,0.95,0.2,0.004164547068423006,0.003655500281905398,0.9907299165430151,0.0014500361066565048
TCGA-AN-A0FV-01,Her2,0.9709954303951802,0.02168972637129674,0.9493057040238835,ElasticNet,f9af9b57,20260223_205024,0.95,0.2,0.000978117599418882,0.9709954303951802,0.006336725634104226,0.02168972637129674
TCGA-AR-A1AM-01,LumA,0.9984754904195523,0.0006195261830402411,0.997855964236512,ElasticNet,f9af9b57,20260223_205024,0.95,0.2,0.0004669577181743938,0.0004380256792329982,0.9984754904195523,0.0006195261830402411
TCGA-A2-A4S0-01,LumA,0.9788182080271253,0.01881516589412504,0.9600030421330003,ElasticNet,f9af9b57,20260223_205024,0.95,0.2,0.00019044290690206959,0.0021761831718477152,0.9788182080271253,0.01881516589412504
TCGA-BH-A0B2-11,LumA,0.9766222716336687,0.021743106638856844,0.9548791649948118,ElasticNet,f9af9b57,20260223_205024,0.95,0.2,0.021743106638856844,0.0014956802439465228,0.9766222716336687,0.00013894148352797982
TCGA-E9-A1NC-01,Basal,0.9910628638715581,0.005053323532589106,0.9860095403389689,ElasticNet,f9af9b57,20260223_205024,0.95,0.2,0.9910628638715581,0.003280689105870601,0.005053323532589106,0.000603123489982341
TCGA-AR-A1AI-01,Basal,0.9885134033779647,0.009904977926186343,0.9786084254517783,ElasticNet,f9af9b57,20260223_205024,0.95,0.2,0.9885134033779647,0.009904977926186343,0.0009213932555948317,0.0006602254402541039
TCGA-AC-A2BK-01,Basal,0.9599469899635733,0.03435935624506594,0.9255876337185074,ElasticNet,f9af9b57,20260223_205024,0.95,0.2,0.9599469899635733,0.03435935624506594,0.0005245916768376665,0.0051690621145232376
TCGA-A7-A13H-01,LumA,0.9929191494110506,0.0033533570710146295,0.989565792340036,ElasticNet,f9af9b57,20260223_205024,0.95,0.2,0.0033533570710146295,0.001186053485766489,0.9929191494110506,0.002541440032168252
TCGA-C8-A1HO-01,LumB,0.9877964073724669,0.006448465818548866,0.981347941553918,ElasticNet,f9af9b57,20260223_205024,0.95,0.2,0.00031335283586169586,0.0054417739731225,0.006448465818548866,0.9877964073724669
TCGA-BH-A42T-01,LumB,0.9936006453911789,0.0029124735326586863,0.9906881718585202,ElasticNet,f9af9b57,20260223_205024,0.95,0.2,0.0029124735326586863,0.0027642221507903145,0.0007226589253721154,0.9936006453911789
TCGA-AN-A0FY-01,LumB,0.9832208028083768,0.011899862472730609,0.9713209403356462,ElasticNet,f9af9b57,20260223_205024,0.95,0.2,0.0032829430748620046,0.011899862472730609,0.001596391644030689,0.9832208028083768
TCGA-BH-A18K-11,LumA,0.99993103015808,5.8573361114625774e-05,0.9998724567969655,ElasticNet,f9af9b57,20260223_205024,0.95,0.2,5.8573361114625774e-05,1.0124140697949814e-05,0.99993103015808,2.7234010738670493e-07
TCGA-B6-A0X5-01,LumB,0.9927177900681475,0.006586194712661311,0.9861315953554862,ElasticNet,f9af9b57,20260223_205024,0.95,0.2,0.0003100947901499953,0.006586194712661311,0.00038592042904118603,0.9927177900681475
TCGA-D8-A27P-01,LumA,0.981012547711314,0.010612452122155027,0.970400095589159,ElasticNet,f9af9b57,20260223_205024,0.95,0.2,0.001444035548879161,0.010612452122155027,0.981012547711314,0.006930964617651772
TCGA-A2-A0CP-01,LumA,0.9976404431752149,0.0015546432416033492,0.9960857999336116,ElasticNet,f9af9b57,20260223_205024,0.95,0.2,0.0015546432416033492,0.0006054059794208819,0.9976404431752149,0.0001995076037608168
TCGA-BH-A5IZ-01,Basal,0.9960756913331099,0.002905294014012309,0.9931703973190976,ElasticNet,f9af9b57,20260223_205024,0.95,0.2,0.9960756913331099,0.002905294014012309,0.0004231005721743707,0.0005959140807033373
TCGA-C8-A12Z-01,Her2,0.9756806041110341,0.021473716083596953,0.9542068880274371,ElasticNet,f9af9b57,20260223_205024,0.95,0.2,0.0004927046772220643,0.9756806041110341,0.0023529751281471394,0.021473716083596953
TCGA-D8-A1JU-01,LumA,0.9991515123093766,0.0003901996856924756,0.9987613126236842,ElasticNet,f9af9b57,20260223_205024,0.95,0.2,0.00011178013132978371,0.0003901996856924756,0.9991515123093766,0.0003465078736011065
TCGA-E9-A1N5-01,LumB,0.9750103621889399,0.011664537553539167,0.9633458246354007,ElasticNet,f9af9b57,20260223_205024,0.95,0.2,0.0019181112916654035,0.011664537553539167,0.011406988965855595,0.9750103621889399
TCGA-E2-A1IG-11,LumA,0.9975776261675566,0.0021774947136690946,0.9954001314538875,ElasticNet,f9af9b57,20260223_205024,0.95,0.2,0.0021774947136690946,0.00024162384807629346,0.9975776261675566,3.255270698002069e-06
TCGA-BH-A0DO-01,LumA,0.9997413425458682,0.0001418425654043065,0.9995994999804639,ElasticNet,f9af9b57,20260223_205024,0.95,0.2,8.183859187048693e-05,3.497629685683031e-05,0.9997413425458682,0.0001418425654043065
TCGA-A2-A04Q-01,Basal,0.9624355610584445,0.01434773712084018,0.9480878239376044,ElasticNet,f9af9b57,20260223_205024,0.95,0.2,0.9624355610584445,0.01434773712084018,0.014276495525033586,0.008940206295681805
TCGA-BH-A0B5-11,LumA,0.9997009103940914,0.00014536338907203286,0.9995555470050194,ElasticNet,f9af9b57,20260223_205024,0.95,0.2,0.0001420634938583397,0.00014536338907203286,0.9997009103940914,1.1662722978381512e-05
TCGA-AR-A24T-01,LumA,0.9793814131745135,0.017477184223891214,0.9619042289506223,ElasticNet,f9af9b57,20260223_205024,0.95,0.2,0.0010406233503339692,0.00210077925126109,0.9793814131745135,0.017477184223891214
TCGA-E9-A1NF-11,LumA,0.9777448460369664,0.011038704438854713,0.9667061415981117,ElasticNet,f9af9b57,20260223_205024,0.95,0.2,0.011038704438854713,0.00903113731252996,0.9777448460369664,0.0021853122116489493
TCGA-A7-A13E-11,LumA,0.9988049590458116,0.0007830744998490978,0.9980218845459625,ElasticNet,f9af9b57,20260223_205024,0.95,0.2,0.0007830744998490978,0.0003824035987526775,0.9988049590458116,2.9562855586532448e-05
TCGA-C8-A8HP-01,Her2,0.9774710731089811,0.01383535648980082,0.9636357166191802,ElasticNet,f9af9b57,20260223_205024,0.95,0.2,0.005542870495042751,0.9774710731089811,0.003150699906175358,0.01383535648980082
TCGA-E9-A5FL-01,Basal,0.9505041888435798,0.024649754314428222,0.9258544345291516,ElasticNet,f9af9b57,20260223_205024,0.95,0.2,0.9505041888435798,0.021972596900935653,0.00287345994105637,0.024649754314428222
TCGA-AC-A2FB-11,LumA,0.9976785378411731,0.002258602203755097,0.995419935637418,ElasticNet,f9af9b57,20260223_205024,0.95,0.2,0.002258602203755097,5.7527464128913694e-05,0.9976785378411731,5.332490942937225e-06
TCGA-A2-A3XT-01,Basal,0.9955685719169579,0.002922734196925729,0.9926458377200322,ElasticNet,f9af9b57,20260223_205024,0.95,0.2,0.9955685719169579,0.002922734196925729,0.0006046538875070636,0.0009040399986091456
TCGA-B6-A0X7-01,LumA,0.958074750631128,0.02500535383613385,0.9330693967949941,ElasticNet,f9af9b57,20260223_205024,0.95,0.2,0.003947626744758754,0.012972268787979403,0.958074750631128,0.02500535383613385
TCGA-BH-A1EV-11,LumA,0.9721984915134925,0.026530139469808946,0.9456683520436835,ElasticNet,f9af9b57,20260223_205024,0.95,0.2,0.026530139469808946,0.0009912392968303638,0.9721984915134925,0.00028012971986814524
TCGA-3C-AALJ-01,LumB,0.9722678332422147,0.0179730279220607,0.954294805320154,ElasticNet,f9af9b57,20260223_205024,0.95,0.2,0.005575297744808511,0.0179730279220607,0.0041838410909161355,0.9722678332422147
